{"repoSenseVersion":"29b9f5fbd7","reportGeneratedTime":"Fri Feb 14 12:48:10 2025 UTC","reportGenerationTime":" 22.66 second(s)","zoneId":"Etc/UTC","reportTitle":"RepoSense Report","repos":[{"location":{"location":"https://github.com/Golddirio/HacknRoll2025.git","repoName":"HacknRoll2025","organization":"Golddirio","domainName":"github"},"branch":"main","displayName":"Golddirio/HacknRoll2025[main]","outputFolderName":"Golddirio_HacknRoll2025_main"},{"location":{"location":"https://github.com/CYX22222003/ProjectKorolev.git","repoName":"ProjectKorolev","organization":"CYX22222003","domainName":"github"},"branch":"main","displayName":"CYX22222003/ProjectKorolev[main]","outputFolderName":"CYX22222003_ProjectKorolev_main"},{"location":{"location":"https://github.com/reposense/RepoSense.git","repoName":"RepoSense","organization":"reposense","domainName":"github"},"branch":"master","displayName":"reposense/RepoSense[master]","outputFolderName":"reposense_RepoSense_master"},{"location":{"location":"https://github.com/CYX22222003/codecrafters-interpreter-python.git","repoName":"codecrafters-interpreter-python","organization":"CYX22222003","domainName":"github"},"branch":"master","displayName":"CYX22222003/codecrafters-interpreter-python[master]","outputFolderName":"CYX22222003_codecrafters-interpreter-python_master"},{"location":{"location":"https://github.com/source-academy/frontend.git","repoName":"frontend","organization":"source-academy","domainName":"github"},"branch":"master","displayName":"source-academy/frontend[master]","outputFolderName":"source-academy_frontend_master"},{"location":{"location":"https://github.com/CYX22222003/ip.git","repoName":"ip","organization":"CYX22222003","domainName":"github"},"branch":"master","displayName":"CYX22222003/ip[master]","outputFolderName":"CYX22222003_ip_master"},{"location":{"location":"https://github.com/CYX22222003/tp.git","repoName":"tp","organization":"CYX22222003","domainName":"github"},"branch":"master","displayName":"CYX22222003/tp[master]","outputFolderName":"CYX22222003_tp_master"}],"errorSet":[],"sinceDate":"2024-01-01","untilDate":"2025-02-14","isSinceDateProvided":true,"isUntilDateProvided":false,"supportedDomainUrlMap":{"NOT_RECOGNIZED":{"BRANCH":"","REPO_URL":"UNSUPPORTED","BASE_URL":"UNSUPPORTED","HISTORY_PATH":"","COMMIT_PATH":"","BLAME_PATH":""},"github":{"BRANCH":"tree/$BRANCH","REPO_URL":"https://github.com/$ORGANIZATION/$REPO_NAME/","BASE_URL":"https://github.com/","HISTORY_PATH":"commits/$BRANCH/$FILE_PATH","COMMIT_PATH":"commit/$COMMIT_HASH","BLAME_PATH":"blame/$BRANCH/$FILE_PATH"}},"isAuthorshipAnalyzed":false}
