{"repoSenseVersion":"29b9f5fbd7","reportGeneratedTime":"Fri Feb 14 12:28:35 2025 UTC","reportGenerationTime":" 0.71 second(s)","zoneId":"Etc/UTC","reportTitle":"RepoSense Report","repos":[{"location":{"location":"https://github.com/Golddirio/HacknRoll2025.git","repoName":"HacknRoll2025","organization":"Golddirio","domainName":"github"},"branch":"main","displayName":"Golddirio/HacknRoll2025[main]","outputFolderName":"Golddirio_HacknRoll2025_main"}],"errorSet":[],"sinceDate":"2024-01-01","untilDate":"2025-02-14","isSinceDateProvided":true,"isUntilDateProvided":false,"supportedDomainUrlMap":{"NOT_RECOGNIZED":{"BRANCH":"","REPO_URL":"UNSUPPORTED","BASE_URL":"UNSUPPORTED","HISTORY_PATH":"","COMMIT_PATH":"","BLAME_PATH":""},"github":{"BRANCH":"tree/$BRANCH","REPO_URL":"https://github.com/$ORGANIZATION/$REPO_NAME/","BASE_URL":"https://github.com/","HISTORY_PATH":"commits/$BRANCH/$FILE_PATH","COMMIT_PATH":"commit/$COMMIT_HASH","BLAME_PATH":"blame/$BRANCH/$FILE_PATH"}},"isAuthorshipAnalyzed":false}
