{"authorDailyContributionsMap":{"Golddirio":[{"date":"2025-01-18","commitResults":[{"hash":"ef34ec54677c92e5e232b139e394cf40ba7493d3","isMergeCommit":false,"messageTitle":"Initial commit","messageBody":"","fileTypesAndContributionMap":{"md":{"insertions":2,"deletions":0}}},{"hash":"13897f10f4ab29be87c796e404b41efbdd7a270b","isMergeCommit":false,"messageTitle":"first commit","messageBody":"","fileTypesAndContributionMap":{"txt":{"insertions":16,"deletions":0}}},{"hash":"1927b77f0b8e6086834ef855f1bc9ec21ddc7026","isMergeCommit":false,"messageTitle":"creating app","messageBody":"","fileTypesAndContributionMap":{"txt":{"insertions":0,"deletions":0}}},{"hash":"6b6e3de1560aa749903ef8e34163d059ed2ac5da","isMergeCommit":false,"messageTitle":"Update main.py","messageBody":"","fileTypesAndContributionMap":{"txt":{"insertions":0,"deletions":0},"py":{"insertions":253,"deletions":0}}},{"hash":"a9156ae27b8e3e186233a6b6d3ff579fadedfe08","isMergeCommit":true,"messageTitle":"Merge branch \u0027main\u0027 of https://github.com/Golddirio/HacknRoll2025","messageBody":"","fileTypesAndContributionMap":{}},{"hash":"ad195d6ab4813a17de630e0c2e41cc82e9378b75","isMergeCommit":false,"messageTitle":"Update requirement.txt","messageBody":"","fileTypesAndContributionMap":{"txt":{"insertions":1,"deletions":0}}},{"hash":"03020396ef9408860265cac0631774c968e7daa0","isMergeCommit":false,"messageTitle":"Update main.py","messageBody":"","fileTypesAndContributionMap":{"py":{"insertions":22,"deletions":12}}},{"hash":"9a93e670b953bde7977ddfb2375f6fff99673ebd","isMergeCommit":false,"messageTitle":"Update main.py","messageBody":"","fileTypesAndContributionMap":{"py":{"insertions":9,"deletions":1}}},{"hash":"6e5d22cbe0c59cb319799c0587cc7bc76c2c2044","isMergeCommit":true,"messageTitle":"Merge branch \u0027main\u0027 of https://github.com/Golddirio/HacknRoll2025","messageBody":"","fileTypesAndContributionMap":{}},{"hash":"07f35dd061c6a270cdc60e44d6c2aa82d65c78af","isMergeCommit":false,"messageTitle":"Run mock tests","messageBody":"","fileTypesAndContributionMap":{}},{"hash":"957d5101dc5e3358d40c3feeb2badf04c992ac11","isMergeCommit":false,"messageTitle":"Update main","messageBody":"","fileTypesAndContributionMap":{"py":{"insertions":2,"deletions":8}}},{"hash":"48b645fb7d69b38ee2cbac5020f95d859f59f94c","isMergeCommit":true,"messageTitle":"Merge branch \u0027main\u0027 of https://github.com/Golddirio/HacknRoll2025","messageBody":"","fileTypesAndContributionMap":{}},{"hash":"5f62ae351a98b62af847e4b00c084a9a5827bf88","isMergeCommit":false,"messageTitle":"Delete data.db","messageBody":"","fileTypesAndContributionMap":{"py":{"insertions":10,"deletions":9}}},{"hash":"f426605042da61b55083dba815adb6ff35b550b6","isMergeCommit":false,"messageTitle":"Possible update","messageBody":"","fileTypesAndContributionMap":{"py":{"insertions":0,"deletions":1}}},{"hash":"b6b9856f5a90c39ff4ee57417d0dee7cef3b7389","isMergeCommit":false,"messageTitle":"Formatting returned telegram handles","messageBody":"","fileTypesAndContributionMap":{"py":{"insertions":17,"deletions":3}}},{"hash":"b209fe8ab1fc8ca0a9edcbb9e6d3f5c0e012768f","isMergeCommit":true,"messageTitle":"Merge branch \u0027main\u0027 of https://github.com/Golddirio/HacknRoll2025","messageBody":"","fileTypesAndContributionMap":{}}]},{"date":"2025-01-19","commitResults":[{"hash":"1a1359a96f77fe9e53cc6804f1ac8e1baf73c84f","isMergeCommit":false,"messageTitle":"Add deleteaccount function","messageBody":"","fileTypesAndContributionMap":{"py":{"insertions":33,"deletions":8}}},{"hash":"86e0f223092415132c0f4041a065165b9c0da3e1","isMergeCommit":true,"messageTitle":"Merge branch \u0027main\u0027 of https://github.com/Golddirio/HacknRoll2025","messageBody":"","fileTypesAndContributionMap":{}},{"hash":"265880f2314440de2bc75edc8c561440b8d4e3fc","isMergeCommit":false,"messageTitle":"Manage the flow of series of questions","messageBody":"","fileTypesAndContributionMap":{"py":{"insertions":34,"deletions":52}}},{"hash":"b19231bcd703932106c4c2b1367ebcc4e61d276d","isMergeCommit":true,"messageTitle":"Merge branch \u0027main\u0027 of https://github.com/Golddirio/HacknRoll2025","messageBody":"","fileTypesAndContributionMap":{}},{"hash":"6e365207c86c57e3b8622688b8c98acd58e6a7a7","isMergeCommit":false,"messageTitle":"Update README","messageBody":"","fileTypesAndContributionMap":{"md":{"insertions":7,"deletions":3}}}]}],"CHEN YIXUN":[{"date":"2025-01-18","commitResults":[{"hash":"f18232020a74bafda619a9585200a593094dca58","isMergeCommit":false,"messageTitle":"Delete test.db","messageBody":"","fileTypesAndContributionMap":{}}]}],"CYX22222003":[{"date":"2025-01-18","commitResults":[{"hash":"a6c6e7ab9d3f3e1bfb2e6b26185cddef48298a16","isMergeCommit":false,"messageTitle":"Update gitignore","messageBody":"","fileTypesAndContributionMap":{"gitignore":{"insertions":6,"deletions":0},"md":{"insertions":1,"deletions":1}}},{"hash":"72aad366436c0db27fc2a416711b296a1de6f898","isMergeCommit":false,"messageTitle":"Initialize database schema","messageBody":"","fileTypesAndContributionMap":{"gitignore":{"insertions":1,"deletions":0},"py":{"insertions":36,"deletions":0}}},{"hash":"69fb4d1a34e6d3483f99ef354b5355b86fb47d30","isMergeCommit":false,"messageTitle":"Initialize algorithm and clear data","messageBody":"","fileTypesAndContributionMap":{"gitignore":{"insertions":1,"deletions":0},"py":{"insertions":9,"deletions":1}}},{"hash":"bdbbd2cf31658e9061ca6ee857158548b881f776","isMergeCommit":false,"messageTitle":"Update algorithms used","messageBody":"","fileTypesAndContributionMap":{"py":{"insertions":42,"deletions":11}}},{"hash":"d79f34702bca8dec4219554b1692fd2e93b1685a","isMergeCommit":true,"messageTitle":"Merge remote-tracking branch \u0027origin\u0027","messageBody":"","fileTypesAndContributionMap":{}},{"hash":"c36a8751330f84851c9fe1c2fae946c658a90d20","isMergeCommit":false,"messageTitle":"Implement quick select algorithm","messageBody":"","fileTypesAndContributionMap":{"py":{"insertions":57,"deletions":2}}},{"hash":"b5482e54aaff74a9b98a4ac3be28bf5f88363e29","isMergeCommit":false,"messageTitle":"Remove print statement","messageBody":"","fileTypesAndContributionMap":{"py":{"insertions":1,"deletions":1}}},{"hash":"d0ab42f91bb64dccc6adf80d545233d341f8ffe5","isMergeCommit":false,"messageTitle":"Correct bugs in algorithm","messageBody":"","fileTypesAndContributionMap":{"py":{"insertions":9,"deletions":10}}},{"hash":"01ac2f00f4350b841f4f7fefeb41f7acfdd2fd49","isMergeCommit":false,"messageTitle":"Update algorithm","messageBody":"","fileTypesAndContributionMap":{"py":{"insertions":0,"deletions":2}}},{"hash":"27f58dba218030fb6d3f57f285ffebecf9cdcd4d","isMergeCommit":false,"messageTitle":"Remove unnecessary libraries","messageBody":"","fileTypesAndContributionMap":{"py":{"insertions":0,"deletions":1}}},{"hash":"56c33588b4f4e69def732c4ec2612a9ac7b64144","isMergeCommit":true,"messageTitle":"Merge branch \u0027main\u0027 of https://github.com/Golddirio/HacknRoll2025","messageBody":"","fileTypesAndContributionMap":{}},{"hash":"028aeb2678d4a3a9fd26c0ec21abecae9994c59f","isMergeCommit":true,"messageTitle":"Merge branch \u0027main\u0027 of https://github.com/Golddirio/HacknRoll2025","messageBody":"","fileTypesAndContributionMap":{}},{"hash":"ae5b914290408fd3115bdc6a5a1d238fb5d3bb03","isMergeCommit":false,"messageTitle":"Update score setting method","messageBody":"","fileTypesAndContributionMap":{"py":{"insertions":3,"deletions":2}}},{"hash":"7a84367dfedf2a0336c57e8020915c6711c24f60","isMergeCommit":false,"messageTitle":"Modify bug in scores","messageBody":"","fileTypesAndContributionMap":{"py":{"insertions":1,"deletions":1}}},{"hash":"fe427920b9400b7b7fc89e2b90790d82f2cef582","isMergeCommit":false,"messageTitle":"Add mock data","messageBody":"","fileTypesAndContributionMap":{"py":{"insertions":24,"deletions":2}}},{"hash":"65b168c26d9e3c12f7d691e69e4c7dee36675546","isMergeCommit":false,"messageTitle":"Delete outdated database","messageBody":"","fileTypesAndContributionMap":{}},{"hash":"4566662b1d0c004235b21429a480aa872dd5dc77","isMergeCommit":true,"messageTitle":"Merge branch \u0027main\u0027 of https://github.com/Golddirio/HacknRoll2025","messageBody":"","fileTypesAndContributionMap":{}},{"hash":"bb43727a5f8cd4c05d1c11e62c93ff86c4b3e18a","isMergeCommit":false,"messageTitle":"Update match function","messageBody":"","fileTypesAndContributionMap":{"py":{"insertions":18,"deletions":2}}},{"hash":"374e12c4341e50a95276a9bb4483b42d333c3017","isMergeCommit":false,"messageTitle":"Correc set scores function","messageBody":"","fileTypesAndContributionMap":{"py":{"insertions":3,"deletions":3}}},{"hash":"b974a279da79696950ae985dbf58f0705b99c1f7","isMergeCommit":true,"messageTitle":"Merge branch \u0027main\u0027 of https://github.com/Golddirio/HacknRoll2025","messageBody":"","fileTypesAndContributionMap":{}},{"hash":"e3d2438c0ac19fb588aa6f425b0df12bc4629f11","isMergeCommit":false,"messageTitle":"Add flag for conditions of match checking","messageBody":"","fileTypesAndContributionMap":{"py":{"insertions":13,"deletions":1}}},{"hash":"b52fb02e78b9bb38340fae1f2b3b39036053fd08","isMergeCommit":true,"messageTitle":"Merge branch \u0027main\u0027 of https://github.com/Golddirio/HacknRoll2025","messageBody":"","fileTypesAndContributionMap":{}},{"hash":"cd629a24a5a530f7dd584a00a0853d23dbd30025","isMergeCommit":false,"messageTitle":"Update README.md","messageBody":"","fileTypesAndContributionMap":{"md":{"insertions":3,"deletions":0}}}]},{"date":"2025-01-19","commitResults":[{"hash":"105161a3ee0797c446c5f462147b7844a3557698","isMergeCommit":false,"messageTitle":"Update README.md","messageBody":"","fileTypesAndContributionMap":{"md":{"insertions":65,"deletions":1}}},{"hash":"0a28985fe29a55274be871731afa32c331309e6b","isMergeCommit":false,"messageTitle":"Update readme.md","messageBody":"","fileTypesAndContributionMap":{"md":{"insertions":33,"deletions":3}}},{"hash":"58db597abc96e0aca013c8f2aa73c76d0fd7268c","isMergeCommit":false,"messageTitle":"Update algorithm","messageBody":"","fileTypesAndContributionMap":{"py":{"insertions":17,"deletions":9}}}]}]},"authorFileTypeContributionMap":{"Golddirio":{"md":8,"py":288,"txt":17},"CHEN YIXUN":{},"CYX22222003":{"gitignore":8,"md":95,"py":182}},"authorContributionVariance":{"Golddirio":18426.139,"CHEN YIXUN":0.0,"CYX22222003":10345.333},"authorDisplayNameMap":{"Golddirio":"Golddirio","CHEN YIXUN":"CHEN YIXUN","CYX22222003":"CYX22222003"}}
