{"authorDailyContributionsMap":{"CYX22222003":[{"date":"2025-01-18","commitResults":[{"hash":"a6c6e7ab9d3f3e1bfb2e6b26185cddef48298a16","isMergeCommit":false,"messageTitle":"Update gitignore","messageBody":"","fileTypesAndContributionMap":{"gitignore":{"insertions":6,"deletions":0},"md":{"insertions":1,"deletions":1}}},{"hash":"72aad366436c0db27fc2a416711b296a1de6f898","isMergeCommit":false,"messageTitle":"Initialize database schema","messageBody":"","fileTypesAndContributionMap":{"gitignore":{"insertions":1,"deletions":0},"py":{"insertions":36,"deletions":0}}},{"hash":"69fb4d1a34e6d3483f99ef354b5355b86fb47d30","isMergeCommit":false,"messageTitle":"Initialize algorithm and clear data","messageBody":"","fileTypesAndContributionMap":{"gitignore":{"insertions":1,"deletions":0},"py":{"insertions":9,"deletions":1}}},{"hash":"f18232020a74bafda619a9585200a593094dca58","isMergeCommit":false,"messageTitle":"Delete test.db","messageBody":"","fileTypesAndContributionMap":{}},{"hash":"bdbbd2cf31658e9061ca6ee857158548b881f776","isMergeCommit":false,"messageTitle":"Update algorithms used","messageBody":"","fileTypesAndContributionMap":{"py":{"insertions":42,"deletions":11}}},{"hash":"d79f34702bca8dec4219554b1692fd2e93b1685a","isMergeCommit":true,"messageTitle":"Merge remote-tracking branch \u0027origin\u0027","messageBody":"","fileTypesAndContributionMap":{}},{"hash":"c36a8751330f84851c9fe1c2fae946c658a90d20","isMergeCommit":false,"messageTitle":"Implement quick select algorithm","messageBody":"","fileTypesAndContributionMap":{"py":{"insertions":57,"deletions":2}}},{"hash":"b5482e54aaff74a9b98a4ac3be28bf5f88363e29","isMergeCommit":false,"messageTitle":"Remove print statement","messageBody":"","fileTypesAndContributionMap":{"py":{"insertions":1,"deletions":1}}},{"hash":"d0ab42f91bb64dccc6adf80d545233d341f8ffe5","isMergeCommit":false,"messageTitle":"Correct bugs in algorithm","messageBody":"","fileTypesAndContributionMap":{"py":{"insertions":9,"deletions":10}}},{"hash":"01ac2f00f4350b841f4f7fefeb41f7acfdd2fd49","isMergeCommit":false,"messageTitle":"Update algorithm","messageBody":"","fileTypesAndContributionMap":{"py":{"insertions":0,"deletions":2}}},{"hash":"27f58dba218030fb6d3f57f285ffebecf9cdcd4d","isMergeCommit":false,"messageTitle":"Remove unnecessary libraries","messageBody":"","fileTypesAndContributionMap":{"py":{"insertions":0,"deletions":1}}},{"hash":"56c33588b4f4e69def732c4ec2612a9ac7b64144","isMergeCommit":true,"messageTitle":"Merge branch \u0027main\u0027 of https://github.com/Golddirio/HacknRoll2025","messageBody":"","fileTypesAndContributionMap":{}},{"hash":"028aeb2678d4a3a9fd26c0ec21abecae9994c59f","isMergeCommit":true,"messageTitle":"Merge branch \u0027main\u0027 of https://github.com/Golddirio/HacknRoll2025","messageBody":"","fileTypesAndContributionMap":{}},{"hash":"ae5b914290408fd3115bdc6a5a1d238fb5d3bb03","isMergeCommit":false,"messageTitle":"Update score setting method","messageBody":"","fileTypesAndContributionMap":{"py":{"insertions":3,"deletions":2}}},{"hash":"7a84367dfedf2a0336c57e8020915c6711c24f60","isMergeCommit":false,"messageTitle":"Modify bug in scores","messageBody":"","fileTypesAndContributionMap":{"py":{"insertions":1,"deletions":1}}},{"hash":"fe427920b9400b7b7fc89e2b90790d82f2cef582","isMergeCommit":false,"messageTitle":"Add mock data","messageBody":"","fileTypesAndContributionMap":{"py":{"insertions":24,"deletions":2}}},{"hash":"65b168c26d9e3c12f7d691e69e4c7dee36675546","isMergeCommit":false,"messageTitle":"Delete outdated database","messageBody":"","fileTypesAndContributionMap":{}},{"hash":"4566662b1d0c004235b21429a480aa872dd5dc77","isMergeCommit":true,"messageTitle":"Merge branch \u0027main\u0027 of https://github.com/Golddirio/HacknRoll2025","messageBody":"","fileTypesAndContributionMap":{}},{"hash":"bb43727a5f8cd4c05d1c11e62c93ff86c4b3e18a","isMergeCommit":false,"messageTitle":"Update match function","messageBody":"","fileTypesAndContributionMap":{"py":{"insertions":18,"deletions":2}}},{"hash":"374e12c4341e50a95276a9bb4483b42d333c3017","isMergeCommit":false,"messageTitle":"Correc set scores function","messageBody":"","fileTypesAndContributionMap":{"py":{"insertions":3,"deletions":3}}},{"hash":"b974a279da79696950ae985dbf58f0705b99c1f7","isMergeCommit":true,"messageTitle":"Merge branch \u0027main\u0027 of https://github.com/Golddirio/HacknRoll2025","messageBody":"","fileTypesAndContributionMap":{}},{"hash":"e3d2438c0ac19fb588aa6f425b0df12bc4629f11","isMergeCommit":false,"messageTitle":"Add flag for conditions of match checking","messageBody":"","fileTypesAndContributionMap":{"py":{"insertions":13,"deletions":1}}},{"hash":"b52fb02e78b9bb38340fae1f2b3b39036053fd08","isMergeCommit":true,"messageTitle":"Merge branch \u0027main\u0027 of https://github.com/Golddirio/HacknRoll2025","messageBody":"","fileTypesAndContributionMap":{}},{"hash":"cd629a24a5a530f7dd584a00a0853d23dbd30025","isMergeCommit":false,"messageTitle":"Update README.md","messageBody":"","fileTypesAndContributionMap":{"md":{"insertions":3,"deletions":0}}}]},{"date":"2025-01-19","commitResults":[{"hash":"105161a3ee0797c446c5f462147b7844a3557698","isMergeCommit":false,"messageTitle":"Update README.md","messageBody":"","fileTypesAndContributionMap":{"md":{"insertions":65,"deletions":1}}},{"hash":"0a28985fe29a55274be871731afa32c331309e6b","isMergeCommit":false,"messageTitle":"Update readme.md","messageBody":"","fileTypesAndContributionMap":{"md":{"insertions":33,"deletions":3}}},{"hash":"58db597abc96e0aca013c8f2aa73c76d0fd7268c","isMergeCommit":false,"messageTitle":"Update algorithm","messageBody":"","fileTypesAndContributionMap":{"py":{"insertions":17,"deletions":9}}}]}]},"authorFileTypeContributionMap":{"CYX22222003":{"gitignore":8,"md":95,"py":182}},"authorContributionVariance":{"CYX22222003":228.05373},"authorDisplayNameMap":{"CYX22222003":"CYX22222003"}}
