{"authorDailyContributionsMap":{"CYX22222003":[{"date":"2024-08-18","commitResults":[{"hash":"96e15b5da4804622383631f69aa2018f6181d3a0","isMergeCommit":false,"messageTitle":"Rename, greet and exit","messageBody":"","tags":["Level-0"],"fileTypesAndContributionMap":{"java":{"insertions":14,"deletions":10}}},{"hash":"f5ef710c5546e4e9ab915897131dec5a4d6540a3","isMergeCommit":false,"messageTitle":"First implementation of echo","messageBody":"","fileTypesAndContributionMap":{"java":{"insertions":11,"deletions":2}}},{"hash":"be751ac3db2f82160ebb1fa5fc07e5867eb297ff","isMergeCommit":false,"messageTitle":"Improve echo feature","messageBody":"","tags":["Level-1"],"fileTypesAndContributionMap":{"java":{"insertions":9,"deletions":3}}},{"hash":"171ab2bc2d35bb180fac0b541e0fbc0fcd20a2b5","isMergeCommit":false,"messageTitle":"Add list feature","messageBody":"","tags":["Level-2","A-Collections"],"fileTypesAndContributionMap":{"java":{"insertions":29,"deletions":3},"gitignore":{"insertions":1,"deletions":0}}},{"hash":"e5b2d300a9fb8ee3318ff078ad19ec1fd68b0707","isMergeCommit":false,"messageTitle":"Implement tasks class","messageBody":"","tags":["A-Classes"],"fileTypesAndContributionMap":{"java":{"insertions":24,"deletions":2}}},{"hash":"422630c9be0b75883e7daf38d0caffce3f088afa","isMergeCommit":false,"messageTitle":"Implement mark features","messageBody":"","tags":["Level-3"],"fileTypesAndContributionMap":{"java":{"insertions":37,"deletions":4}}},{"hash":"5cdfd3b14f7170ad01a17a74b81ed0442334169b","isMergeCommit":false,"messageTitle":"Implement classes of different types of events","messageBody":"","tags":["A-Inheritance"],"fileTypesAndContributionMap":{"java":{"insertions":77,"deletions":0}}},{"hash":"c2d3cf8c3e57b62ad496e225b108aa8b830dbca7","isMergeCommit":false,"messageTitle":"Finish Implementing different events","messageBody":"","fileTypesAndContributionMap":{"TXT":{"insertions":0,"deletions":7},"java":{"insertions":32,"deletions":11}}},{"hash":"2bdeab8e8022827c504ab1d014ed9d79b11c3a53","isMergeCommit":false,"messageTitle":"Modify the implementation of different events","messageBody":"","tags":["Level-4"],"fileTypesAndContributionMap":{"java":{"insertions":10,"deletions":5}}},{"hash":"d610cef93c9683bd432d1a71dfc5a52a2a41feeb","isMergeCommit":false,"messageTitle":"Implement simple text ui testing","messageBody":"","tags":["A-TextUiTesting"],"fileTypesAndContributionMap":{"TXT":{"insertions":20,"deletions":0},"txt":{"insertions":4,"deletions":0},"bat":{"insertions":1,"deletions":1},"sh":{"insertions":1,"deletions":1}}},{"hash":"057eee60a9929ea034e21e5e77b8f08d923035f4","isMergeCommit":false,"messageTitle":"Add new DukeException class","messageBody":"","tags":["A-Exceptions"],"fileTypesAndContributionMap":{"java":{"insertions":6,"deletions":0}}},{"hash":"5c8914b329f329b636dffa995f5185b527a6a7f2","isMergeCommit":false,"messageTitle":"Implement error handling mechanism","messageBody":"","tags":["Level-5"],"fileTypesAndContributionMap":{"java":{"insertions":65,"deletions":20}}},{"hash":"f892f8eebdf48d514f8d9be83fa5d5ffb6003a80","isMergeCommit":false,"messageTitle":"Implement delete function","messageBody":"","tags":["Level-6"],"fileTypesAndContributionMap":{"java":{"insertions":10,"deletions":0}}}]},{"date":"2024-08-20","commitResults":[{"hash":"f5016e1f2d9d58755afe85edf726e7f00fec55ea","isMergeCommit":false,"messageTitle":"Modify interaction logic - switch from if-else to switch","messageBody":"","fileTypesAndContributionMap":{"java":{"insertions":35,"deletions":33}}},{"hash":"cb60932feccd25ba05199e7ae5217a3f41558566","isMergeCommit":false,"messageTitle":"Correct formatting issues","messageBody":"","fileTypesAndContributionMap":{"java":{"insertions":2,"deletions":1}}}]},{"date":"2024-08-21","commitResults":[{"hash":"9abf58d3dd6b23c0627223329829df3e8cd8fdcc","isMergeCommit":false,"messageTitle":"Refactoring - change the location of parser","messageBody":"","fileTypesAndContributionMap":{"java":{"insertions":48,"deletions":55}}},{"hash":"4522ce3b2e6107315e9461e87e9c7771be3d6a9e","isMergeCommit":false,"messageTitle":"Implement feature to save list","messageBody":"","fileTypesAndContributionMap":{"txt":{"insertions":1,"deletions":0},"java":{"insertions":128,"deletions":65}}},{"hash":"a50239d45bd0f0e9ba1b1e74b81d726612c8be91","isMergeCommit":false,"messageTitle":"Handle file not existing case","messageBody":"","fileTypesAndContributionMap":{"txt":{"insertions":0,"deletions":1},"java":{"insertions":35,"deletions":9}}},{"hash":"207a7be050b05049791955bfd73cd56989d92e60","isMergeCommit":false,"messageTitle":"Implement loading feature for records of todo and deadline","messageBody":"","fileTypesAndContributionMap":{"txt":{"insertions":2,"deletions":0},"java":{"insertions":59,"deletions":3}}},{"hash":"8f22e988e98cb5e04fec37d4f8b61884ffa28dcc","isMergeCommit":false,"messageTitle":"Implement loading features for event","messageBody":"","fileTypesAndContributionMap":{"txt":{"insertions":4,"deletions":1},"java":{"insertions":15,"deletions":3}}}]},{"date":"2024-08-22","commitResults":[{"hash":"ddad975c4e16506e6333f07ef9629fc7419cb470","isMergeCommit":false,"messageTitle":"Separate storage into a different classes","messageBody":"","fileTypesAndContributionMap":{"txt":{"insertions":0,"deletions":5},"java":{"insertions":96,"deletions":59}}},{"hash":"5d0bcf4c77beb7b0c72c6cd49721d2874f03188e","isMergeCommit":false,"messageTitle":"Keep track of korolev.txt","messageBody":"","fileTypesAndContributionMap":{"txt":{"insertions":2,"deletions":0}}},{"hash":"d0c567d20324fcb19108281c064c8559abe4fd1e","isMergeCommit":false,"messageTitle":"Separate UI and main class","messageBody":"","fileTypesAndContributionMap":{"txt":{"insertions":2,"deletions":0},"java":{"insertions":63,"deletions":72}}},{"hash":"0229644e38477e3b1fab4f9aa539d408a3eeb8be","isMergeCommit":false,"messageTitle":"Separate Command in to a different classes","messageBody":"","tags":["A-MoreOOP"],"fileTypesAndContributionMap":{"java":{"insertions":53,"deletions":36}}},{"hash":"4aa2ef35c48aaeef75888849d748cb9dcf5e5f8c","isMergeCommit":false,"messageTitle":"Divide classes into packages","messageBody":"","tags":["A-Packages"],"fileTypesAndContributionMap":{"txt":{"insertions":2,"deletions":1},"java":{"insertions":52,"deletions":6}}},{"hash":"1a47c8e4f7a23425e12fe75999682db430308de7","isMergeCommit":false,"messageTitle":"Correct linting errors","messageBody":"","fileTypesAndContributionMap":{"java":{"insertions":0,"deletions":4}}},{"hash":"50a4c8293f59f1deb9a7a9f49b4c087833efcd11","isMergeCommit":false,"messageTitle":"Pull remote gradle branch","messageBody":"","fileTypesAndContributionMap":{"gradle":{"insertions":41,"deletions":0},"gradlew":{"insertions":248,"deletions":0},"bat":{"insertions":92,"deletions":0},"sh":{"insertions":0,"deletions":0},"properties":{"insertions":7,"deletions":0}}},{"hash":"34836de590f9cb857a44a99356876bf55fbc49ee","isMergeCommit":true,"messageTitle":"Merge branch \u0027add-gradle-support\u0027 of https://github.com/CYX22222000/ip","messageBody":"","fileTypesAndContributionMap":{}},{"hash":"9a4331b4df9302c0f74fdb7a1d31c51ba096cad9","isMergeCommit":false,"messageTitle":"Correct formatting issues","messageBody":"","fileTypesAndContributionMap":{"java":{"insertions":0,"deletions":1}}},{"hash":"4c1503683354ad469daa6e23d965bf2d4f6b8705","isMergeCommit":false,"messageTitle":"Update testcase","messageBody":"","fileTypesAndContributionMap":{"txt":{"insertions":5,"deletions":5},"TXT":{"insertions":17,"deletions":3},"sh":{"insertions":10,"deletions":0},"gitignore":{"insertions":1,"deletions":0}}},{"hash":"3fae62f7fccfaa35ce18c49227577865d38ea098","isMergeCommit":false,"messageTitle":"Update testcase 2","messageBody":"","fileTypesAndContributionMap":{"txt":{"insertions":1,"deletions":0}}},{"hash":"1a1b5c86354b2d11cc406b62147aa7e96ede1d7f","isMergeCommit":false,"messageTitle":"Update gitignore","messageBody":"","fileTypesAndContributionMap":{"gitignore":{"insertions":2,"deletions":1}}},{"hash":"e997d8665370ce83e9c539176cd54dba13bfda8b","isMergeCommit":false,"messageTitle":"Update gitignore again","messageBody":"","fileTypesAndContributionMap":{"txt":{"insertions":0,"deletions":1},"gitignore":{"insertions":0,"deletions":1}}},{"hash":"c381cebf2bc5f0880f0209b4bf355af4f2f1e6ad","isMergeCommit":false,"messageTitle":"Update gitignore again","messageBody":"","fileTypesAndContributionMap":{"txt":{"insertions":0,"deletions":0},"gitignore":{"insertions":1,"deletions":0}}},{"hash":"fb46537665ea8954a865ec71b677b4d10c92d464","isMergeCommit":false,"messageTitle":"Update gitignore to ignore writing to storage","messageBody":"","fileTypesAndContributionMap":{"gitignore":{"insertions":1,"deletions":1}}},{"hash":"b00e1e0debd4c9020b5af900a58922faf0c7d8be","isMergeCommit":false,"messageTitle":"Delete local storage file","messageBody":"","fileTypesAndContributionMap":{"txt":{"insertions":0,"deletions":5}}},{"hash":"8f96932e7d7850529b7b0f3942b4c229a8da4e2d","isMergeCommit":true,"messageTitle":"Merge with add-gradle-support","messageBody":"","fileTypesAndContributionMap":{}},{"hash":"c51b4a78d4742d8f81a0e95755c20f5954acffb2","isMergeCommit":false,"messageTitle":"Set up gradle build - set up gradle build script - change ui-testing - add exception handling conditions","messageBody":"","fileTypesAndContributionMap":{"TXT":{"insertions":2,"deletions":0},"txt":{"insertions":1,"deletions":0}}},{"hash":"61e2ab919a930cf9518c9b857198dccf2c641679","isMergeCommit":false,"messageTitle":"Finalize gradle configuration","messageBody":"","tags":["A-Gradle"],"fileTypesAndContributionMap":{"gradle":{"insertions":4,"deletions":2},"java":{"insertions":3,"deletions":3}}}]},{"date":"2024-08-25","commitResults":[{"hash":"9fab65bef27dcc6d6bb84734aeadd10ba991e9b8","isMergeCommit":false,"messageTitle":"Implement the function to parse date for deadline","messageBody":"","fileTypesAndContributionMap":{"gradle":{"insertions":0,"deletions":1},"java":{"insertions":14,"deletions":2}}},{"hash":"39c2e9e3e06a9f0ea2387ca371c6fb0e355c9b3e","isMergeCommit":false,"messageTitle":"Update event and list class to prepare for further processing","messageBody":"Overload constructor method in KorolevEvent\n\nRemove returned string in commands\n","fileTypesAndContributionMap":{"java":{"insertions":13,"deletions":17}}},{"hash":"aed04620d0127d8d3fac9c61cc3f396024307b97","isMergeCommit":false,"messageTitle":"Implement time parse feature for deadline","messageBody":"","fileTypesAndContributionMap":{"java":{"insertions":13,"deletions":8}}},{"hash":"4ada4c809775a53e86d72f2db86450e1554e728a","isMergeCommit":false,"messageTitle":"Implement time parsing feature to handle date and time in event","messageBody":"","fileTypesAndContributionMap":{"java":{"insertions":20,"deletions":7}}},{"hash":"8ec1ad70eb84584521e2b76c55f4907488f635c7","isMergeCommit":false,"messageTitle":"Refactor code to avoid parsing issue","messageBody":"","fileTypesAndContributionMap":{"java":{"insertions":5,"deletions":4}}},{"hash":"524f7c5efaccb552d9765b9362eda4d987766a85","isMergeCommit":false,"messageTitle":"Finish implementing the date and time features","messageBody":"","fileTypesAndContributionMap":{"java":{"insertions":104,"deletions":70}}},{"hash":"b9324bfa12159b4aad8a0e29d641f25b7e48cfc3","isMergeCommit":false,"messageTitle":"Implement initial version of test","messageBody":"","fileTypesAndContributionMap":{"java":{"insertions":16,"deletions":0}}},{"hash":"2344ddb9dc2919d8964b0ac8acbcd98a568fb36c","isMergeCommit":false,"messageTitle":"Correct linting error","messageBody":"","fileTypesAndContributionMap":{"java":{"insertions":1,"deletions":2}}},{"hash":"0c4089974a9cb4066714e8e28780d20873428794","isMergeCommit":true,"messageTitle":"Merge branch \u0027branch-Level-8\u0027","messageBody":"","tags":["Level-8"],"fileTypesAndContributionMap":{}},{"hash":"4fb2ff4066b04dee81bdc37356108d9b78be40dc","isMergeCommit":false,"messageTitle":"Correct linting error again","messageBody":"","fileTypesAndContributionMap":{"java":{"insertions":0,"deletions":2}}},{"hash":"1b5ebf863605809a3f44142bd20c7ec50ce18064","isMergeCommit":true,"messageTitle":"Merge branch \u0027branch-Level-7\u0027","messageBody":"","tags":["Level-7"],"fileTypesAndContributionMap":{}},{"hash":"c34d2c6539951f858a5fd2667b6165e99bffe778","isMergeCommit":false,"messageTitle":"Add test cases for correct input for DateParser","messageBody":"","fileTypesAndContributionMap":{"java":{"insertions":28,"deletions":17}}}]},{"date":"2024-08-26","commitResults":[{"hash":"7569e7af49e4e698a8dddded9814cf36b07a615d","isMergeCommit":false,"messageTitle":"Implement unittest for DateParser","messageBody":"","fileTypesAndContributionMap":{"java":{"insertions":51,"deletions":2}}},{"hash":"e5fea6355862d8ec9e9fc0fed1217ee320300183","isMergeCommit":false,"messageTitle":"Implement unittest for EventParser and KorolevTasks","messageBody":"","tags":["A-JUnit"],"fileTypesAndContributionMap":{"java":{"insertions":124,"deletions":3}}},{"hash":"7add22bfd0a2c75178040d529275c2b6a289d37d","isMergeCommit":false,"messageTitle":"Edit text UI test to adapt to new changes","messageBody":"","fileTypesAndContributionMap":{"TXT":{"insertions":6,"deletions":6},"txt":{"insertions":2,"deletions":2}}},{"hash":"7505c94239efe24457e7b904c978bbc0790a7d05","isMergeCommit":false,"messageTitle":"Refactor code to avoid linting error","messageBody":"","tags":["A-Jar"],"fileTypesAndContributionMap":{"java":{"insertions":4,"deletions":7}}},{"hash":"926fb76029a02aee81cdfbf62e11731a12aff448","isMergeCommit":false,"messageTitle":"Add JavaDoc comments for methods","messageBody":"","fileTypesAndContributionMap":{"gradle":{"insertions":2,"deletions":0},"java":{"insertions":111,"deletions":0}}}]},{"date":"2024-08-27","commitResults":[{"hash":"422a1a9967b7f6d5ca3f2f554ea4216ad879f6e7","isMergeCommit":false,"messageTitle":"Add JavaDoc comments for all non-private and classes methods","messageBody":"","fileTypesAndContributionMap":{"java":{"insertions":91,"deletions":37}}},{"hash":"484ccbe757edc67d83a1bc1f6a1cccd3a007ee89","isMergeCommit":false,"messageTitle":"Add more header comments for non-private and classes methods","messageBody":"","fileTypesAndContributionMap":{"java":{"insertions":22,"deletions":0}}},{"hash":"23f87049ae05489fe07d88c3604142000425b048","isMergeCommit":true,"messageTitle":"Merge branch \u0027branch-A-JavaDoc\u0027","messageBody":"","tags":["A-JavaDoc"],"fileTypesAndContributionMap":{}},{"hash":"d9c941b017eaafc26124d6f120385387247d17f9","isMergeCommit":false,"messageTitle":"Correct formatting issues","messageBody":"","fileTypesAndContributionMap":{"java":{"insertions":21,"deletions":17}}},{"hash":"546c96e311941b1024a4ea327303150c8afac0d0","isMergeCommit":false,"messageTitle":"Correct formatting issues in parser","messageBody":"","fileTypesAndContributionMap":{"java":{"insertions":6,"deletions":5}}},{"hash":"36287eb7572bd457524a7d2a276565879d955f55","isMergeCommit":true,"messageTitle":"Update branch-A-CodingStandard with master","messageBody":"","fileTypesAndContributionMap":{}},{"hash":"b35e74835d20006f48a21d97f33452cc976776f2","isMergeCommit":true,"messageTitle":"Merge branch \u0027branch-A-CodingStandard\u0027","messageBody":"","tags":["A-CodingStandard"],"fileTypesAndContributionMap":{}},{"hash":"ba8471149f2ca1d2fe9a87dfb79b860ea35fec82","isMergeCommit":false,"messageTitle":"Implement search and find feature","messageBody":"","fileTypesAndContributionMap":{"java":{"insertions":32,"deletions":0}}},{"hash":"26ed81a13e112cba78b474649fdd15c87db9ed8d","isMergeCommit":true,"messageTitle":"Implement search and find feature","messageBody":"","fileTypesAndContributionMap":{}},{"hash":"e5cbe9c5b2a5dddb3e6161d174e7da73f184294b","isMergeCommit":false,"messageTitle":"Correct formatting issues","messageBody":"","fileTypesAndContributionMap":{"java":{"insertions":1,"deletions":0}}},{"hash":"4a8a7450060f86aef2bb25462c5e1fb972e4bb86","isMergeCommit":true,"messageTitle":"Merge branch \u0027branch-Level-9\u0027","messageBody":"","tags":["Level-9"],"fileTypesAndContributionMap":{}}]},{"date":"2024-08-30","commitResults":[{"hash":"cedf83e1eed1b16948409d67a7d02367985e955d","isMergeCommit":false,"messageTitle":"Refactor code to put all files under a package","messageBody":"","fileTypesAndContributionMap":{"gradle":{"insertions":1,"deletions":1},"java":{"insertions":2,"deletions":0},"bat":{"insertions":1,"deletions":1},"sh":{"insertions":1,"deletions":1}}},{"hash":"dcc748ad366fe18d8f30f112c483c255637d98f5","isMergeCommit":false,"messageTitle":"Refactor package name","messageBody":"","fileTypesAndContributionMap":{"gradle":{"insertions":1,"deletions":1},"java":{"insertions":1,"deletions":1},"bat":{"insertions":2,"deletions":2},"sh":{"insertions":1,"deletions":1}}}]},{"date":"2024-09-01","commitResults":[{"hash":"6599c7e27f4ad1df7ce47cdf8a5a72bf42612150","isMergeCommit":false,"messageTitle":"Install packages for GUI","messageBody":"","fileTypesAndContributionMap":{"gradle":{"insertions":13,"deletions":0}}},{"hash":"8baab6362a895040fe6f75f253337e073206ba27","isMergeCommit":false,"messageTitle":"Implement the first version of GUI","messageBody":"","fileTypesAndContributionMap":{"fxml":{"insertions":66,"deletions":0},"java":{"insertions":204,"deletions":25}}},{"hash":"7dd33bdf04aab3194bb654048743b11625f428fe","isMergeCommit":false,"messageTitle":"Adjust UI setting of Korolev","messageBody":"","fileTypesAndContributionMap":{"gradle":{"insertions":4,"deletions":2},"txt":{"insertions":3,"deletions":0},"java":{"insertions":5,"deletions":0},"gitignore":{"insertions":1,"deletions":2}}},{"hash":"d0a8a47a99b5211f0db49c3abd0a3738d7c123b8","isMergeCommit":false,"messageTitle":"Adjust UI setting of Korolev again","messageBody":"","fileTypesAndContributionMap":{"txt":{"insertions":1,"deletions":2},"java":{"insertions":5,"deletions":1}}},{"hash":"49bf3abb20938b53977e77fd269f07a8c43b4eb6","isMergeCommit":true,"messageTitle":"Merge branch \u0027branch-Level-10\u0027","messageBody":"","tags":["Level-10"],"fileTypesAndContributionMap":{}}]},{"date":"2024-09-03","commitResults":[{"hash":"1b13c21a199fbf1c2a7cb452d67ea1fc9d0805d5","isMergeCommit":false,"messageTitle":"Correct linting error","messageBody":"","fileTypesAndContributionMap":{"txt":{"insertions":1,"deletions":1},"java":{"insertions":7,"deletions":9},"gitignore":{"insertions":2,"deletions":1}}}]},{"date":"2024-09-06","commitResults":[{"hash":"686fbcb604479998ccf8e3cf9a8c791aafe009c5","isMergeCommit":false,"messageTitle":"Update GUI design","messageBody":"","fileTypesAndContributionMap":{"gradle":{"insertions":4,"deletions":0},"txt":{"insertions":2,"deletions":1},"fxml":{"insertions":5,"deletions":2}}}]},{"date":"2024-09-09","commitResults":[{"hash":"77c13d16d4db15e6a3bc8377f4be1f48c8c43bbf","isMergeCommit":false,"messageTitle":"Create gradle.yml","messageBody":"","fileTypesAndContributionMap":{"yml":{"insertions":67,"deletions":0}}},{"hash":"3362b171e456f0e9772b1f17af6b9d1d17dbe57b","isMergeCommit":false,"messageTitle":"Update gradle.yml","messageBody":"","fileTypesAndContributionMap":{"yml":{"insertions":84,"deletions":53}}},{"hash":"516b9e63f755922469880b0794e5f660aff1ad7e","isMergeCommit":false,"messageTitle":"Update CI automation file","messageBody":"","tags":["A-CI"],"fileTypesAndContributionMap":{"gradle":{"insertions":5,"deletions":4},"yml":{"insertions":18,"deletions":15}}}]},{"date":"2024-09-11","commitResults":[{"hash":"7a0410e0d66d415676554e446000aff899555993","isMergeCommit":false,"messageTitle":"Add assertions to methods","messageBody":"","fileTypesAndContributionMap":{"txt":{"insertions":1,"deletions":1},"java":{"insertions":10,"deletions":0}}},{"hash":"66d39b8c20098a09db4db75b980fe3c832581667","isMergeCommit":false,"messageTitle":"KorolevList class: change modifiers of class variables","messageBody":"There are several class variables with the type of string, which are messages produced by Chatbot.\n\nThese variables are not modified throughout the process. Hence, I make them constant to improve the code quality\n","tags":["A-FullCommitMessage"],"fileTypesAndContributionMap":{"java":{"insertions":6,"deletions":6}}},{"hash":"ee44b90420badf77ebb7c1e2a622b546912b6b46","isMergeCommit":false,"messageTitle":"Modify common coding style issues","messageBody":"","fileTypesAndContributionMap":{"java":{"insertions":67,"deletions":64}}},{"hash":"78054ab6063cb84ecfbb55256ada60273e85b1e5","isMergeCommit":false,"messageTitle":"Save new data","messageBody":"","fileTypesAndContributionMap":{"txt":{"insertions":1,"deletions":1}}}]},{"date":"2024-09-12","commitResults":[{"hash":"11a0c3815408fa2893788067101a7f6eff64ce22","isMergeCommit":true,"messageTitle":"Merge pull request #1 from CYX22222003/branch-A-Assertions","messageBody":"Add assertions to methods","tags":["A-Assertions"],"fileTypesAndContributionMap":{}},{"hash":"7dd09c90be2f74866422a48df10878f3f7e2f7cd","isMergeCommit":false,"messageTitle":"Correct formatting errors","messageBody":"","fileTypesAndContributionMap":{"java":{"insertions":7,"deletions":1}}},{"hash":"290697a21242735ee879081c28faaf0fafa34867","isMergeCommit":true,"messageTitle":"Merge branch \u0027master\u0027 into branch-A-CodeQuality","messageBody":"","fileTypesAndContributionMap":{}},{"hash":"5b6866053b74e996ecfd71477bc8a26289df729f","isMergeCommit":true,"messageTitle":"Merge pull request #2 from CYX22222003/branch-A-CodeQuality","messageBody":"Modify common coding style issues","tags":["A-CodeQuality"],"fileTypesAndContributionMap":{}},{"hash":"81e939c33e1df8af916b0645c4de999ffbcedd8f","isMergeCommit":false,"messageTitle":"Add increments to enable tagging feature","messageBody":"","fileTypesAndContributionMap":{"txt":{"insertions":4,"deletions":3},"java":{"insertions":82,"deletions":20}}},{"hash":"63515ce94d4dee7e77c194f5f951deb475f38cf2","isMergeCommit":false,"messageTitle":"Add increments to enable display of statistics","messageBody":"","tags":["BCD-Extension"],"fileTypesAndContributionMap":{"txt":{"insertions":4,"deletions":4},"java":{"insertions":31,"deletions":0}}},{"hash":"ecec0f3341732e5b3167ab01c795618bd3aebfd5","isMergeCommit":false,"messageTitle":"Update unit test to accomodate new changes","messageBody":"","fileTypesAndContributionMap":{"java":{"insertions":6,"deletions":6}}}]},{"date":"2024-09-14","commitResults":[{"hash":"674067ce0d8007de3aec05e044cc840d109c2732","isMergeCommit":false,"messageTitle":"Update README: modify the initial draft of user guide","messageBody":"Update the title\n\nUpdate feature details\n","fileTypesAndContributionMap":{"md":{"insertions":3,"deletions":3}}},{"hash":"a85474d9a252e09672c341fa731a29bdfe7bf35a","isMergeCommit":false,"messageTitle":"Update KorolevTask: improve code quality","messageBody":"Correct wrong naming for boolean\n","fileTypesAndContributionMap":{"java":{"insertions":5,"deletions":5}}},{"hash":"6236d25793ea788d31726a9841c305314b39f0d1","isMergeCommit":false,"messageTitle":"Update KorolevList: improve code quality","messageBody":"Correct wrong header comments\n","fileTypesAndContributionMap":{"java":{"insertions":3,"deletions":3}}},{"hash":"8f963f74c9506d35dd1d16b51e849380875699c0","isMergeCommit":false,"messageTitle":"Update KorolevList to improve code quality","messageBody":"","fileTypesAndContributionMap":{"java":{"insertions":64,"deletions":48}}},{"hash":"490ee6907f8b2c61a2d977c00499f11a75d3c587","isMergeCommit":false,"messageTitle":"Update tagging feature.","messageBody":"","fileTypesAndContributionMap":{"txt":{"insertions":3,"deletions":4},"java":{"insertions":22,"deletions":6}}},{"hash":"022851b52d5febd8c3619c6748fa5f48a847ead8","isMergeCommit":false,"messageTitle":"Correct errors in tagging features","messageBody":"","fileTypesAndContributionMap":{"txt":{"insertions":3,"deletions":3},"java":{"insertions":3,"deletions":3}}},{"hash":"b84eae54690fad92b0d9f3d15c2a6bb9bde77514","isMergeCommit":false,"messageTitle":"Correct errors in tagging features again","messageBody":"","fileTypesAndContributionMap":{"txt":{"insertions":3,"deletions":3}}}]},{"date":"2024-09-15","commitResults":[{"hash":"8f969a04efd001bf2fbbb008767826744acfab3f","isMergeCommit":false,"messageTitle":"Correct style issues of long methods","messageBody":"","fileTypesAndContributionMap":{"txt":{"insertions":2,"deletions":2},"java":{"insertions":81,"deletions":50}}},{"hash":"d02db1211d65c70d1dc71ddc1fe2c1550f7ba90f","isMergeCommit":true,"messageTitle":"Merge branch \u0027master\u0027 of https://github.com/CYX22222003/ip","messageBody":"","fileTypesAndContributionMap":{}},{"hash":"bf99c58c0afdf2829bf3ef0706c981f6dfbcea37","isMergeCommit":false,"messageTitle":"Update user manual","messageBody":"","fileTypesAndContributionMap":{"md":{"insertions":3,"deletions":1}}},{"hash":"5c052c05af4cdc83bbe145588958b7b3e13efc88","isMergeCommit":false,"messageTitle":"Update unit test for new tagging system","messageBody":"","fileTypesAndContributionMap":{"java":{"insertions":12,"deletions":12}}},{"hash":"232e2d9f885c07b797bad13929d2f06229f49d56","isMergeCommit":false,"messageTitle":"Update unit test for new tagging system","messageBody":"","fileTypesAndContributionMap":{"java":{"insertions":2,"deletions":2}}}]},{"date":"2024-09-17","commitResults":[{"hash":"103625d572eda5ba8d7c216af3222a8dcd386550","isMergeCommit":false,"messageTitle":"Update data file","messageBody":"","fileTypesAndContributionMap":{"txt":{"insertions":3,"deletions":2}}},{"hash":"03d2a67f08ff41997d7a8a792210533810b756fb","isMergeCommit":false,"messageTitle":"Correct linting errors","messageBody":"","fileTypesAndContributionMap":{"txt":{"insertions":0,"deletions":4},"java":{"insertions":22,"deletions":22}}},{"hash":"d66eeab50dcf12153573a7b60cd67f2e87294430","isMergeCommit":false,"messageTitle":"Correct linting errors","messageBody":"","fileTypesAndContributionMap":{"txt":{"insertions":2,"deletions":0}}},{"hash":"adbbde1f8f6e3792eab8c539b1b50dca162f4797","isMergeCommit":false,"messageTitle":"Update user manual","messageBody":"","fileTypesAndContributionMap":{"md":{"insertions":24,"deletions":13}}},{"hash":"9b0ca0cc639723012a39f6f4c2924be55c7f7559","isMergeCommit":false,"messageTitle":"Update data file and UI demonstration.","messageBody":"","fileTypesAndContributionMap":{"txt":{"insertions":3,"deletions":2},"java":{"insertions":1,"deletions":0}}}]},{"date":"2024-09-18","commitResults":[{"hash":"d2875d0e90c09c1f42a0a01cda8c6c3ef4d6d1bb","isMergeCommit":false,"messageTitle":"Update README file","messageBody":"","fileTypesAndContributionMap":{"md":{"insertions":48,"deletions":9}}},{"hash":"654f41c525953dee22f36dd6cacb963a69bb6c52","isMergeCommit":false,"messageTitle":"Add contents to different parts of README.md","messageBody":"","fileTypesAndContributionMap":{"txt":{"insertions":1,"deletions":1},"md":{"insertions":69,"deletions":15}}},{"hash":"cf0f82a3f339275b345807b5b10167618fc966c4","isMergeCommit":false,"messageTitle":"Update command summary of README.md","messageBody":"","fileTypesAndContributionMap":{"md":{"insertions":3,"deletions":1}}},{"hash":"b2b8ccdd4001f4f1aa6a5037df3819ac623048e1","isMergeCommit":false,"messageTitle":"Update command summary of README.md and AI.md","messageBody":"","fileTypesAndContributionMap":{"md":{"insertions":18,"deletions":14}}},{"hash":"9ddbbf9f44fa5d7941f60e64d9de8cf4b6881582","isMergeCommit":false,"messageTitle":"Update user manual","messageBody":"","tags":["A-UserGuide","A-AiAssisted"],"fileTypesAndContributionMap":{"txt":{"insertions":2,"deletions":2},"md":{"insertions":20,"deletions":14}}},{"hash":"d37819958799480dc205106c8d85e514f0aa20ce","isMergeCommit":false,"messageTitle":"Update user manual and readme.md","messageBody":"","fileTypesAndContributionMap":{"txt":{"insertions":4,"deletions":2},"md":{"insertions":25,"deletions":8}}},{"hash":"eb5fe87e3ea971952f640a13a6e8fe15ca5cfa99","isMergeCommit":false,"messageTitle":"Trigger new CI action","messageBody":"","fileTypesAndContributionMap":{"java":{"insertions":1,"deletions":0}}},{"hash":"534fa6cd5311d7e111ff357dff65db6e2be3e90b","isMergeCommit":false,"messageTitle":"Update link for jar file","messageBody":"","fileTypesAndContributionMap":{"md":{"insertions":1,"deletions":1}}}]},{"date":"2024-09-20","commitResults":[{"hash":"d33a2d9c89da64f024bf0f2d26524ec626239ecd","isMergeCommit":false,"messageTitle":"Enhance UIUX by adjusting GUI parameters","messageBody":"","fileTypesAndContributionMap":{"txt":{"insertions":2,"deletions":2},"fxml":{"insertions":14,"deletions":2}}},{"hash":"f5645ddf696eaf4548f08cf3344bcb06e59ab151","isMergeCommit":false,"messageTitle":"Update link for jar file","messageBody":"","fileTypesAndContributionMap":{"md":{"insertions":1,"deletions":1}}},{"hash":"3a51def874f8d6b0e260320e533f0db9c2d8021d","isMergeCommit":false,"messageTitle":"Remove unused methods and variables","messageBody":"","fileTypesAndContributionMap":{"txt":{"insertions":5,"deletions":4},"java":{"insertions":0,"deletions":12}}},{"hash":"44309844f3f30c45dd1993a880f376c45bd864c6","isMergeCommit":false,"messageTitle":"Update javadoc to correct formatting errors","messageBody":"","fileTypesAndContributionMap":{"java":{"insertions":40,"deletions":41}}},{"hash":"2afd1624812f4c01f4770539c102e342dae8d38b","isMergeCommit":false,"messageTitle":"Improve coding standards","messageBody":"","fileTypesAndContributionMap":{"txt":{"insertions":5,"deletions":4},"java":{"insertions":86,"deletions":51}}},{"hash":"0d38d09e84a9cbcf63c3c27c838f582a16f91a1b","isMergeCommit":false,"messageTitle":"Update user manual","messageBody":"","tags":["A-Release"],"fileTypesAndContributionMap":{"txt":{"insertions":2,"deletions":2},"md":{"insertions":1,"deletions":1}}},{"hash":"0643e6710ba3f02d0cb0ea0d30a5b4edf057c517","isMergeCommit":false,"messageTitle":"Update EventParser to capture completeness","messageBody":"","tags":["A-FinalRelease"],"fileTypesAndContributionMap":{"txt":{"insertions":3,"deletions":3},"java":{"insertions":20,"deletions":4}}},{"hash":"6fe25c6f702293e203f753c862bd071c0f5717cc","isMergeCommit":false,"messageTitle":"Update user manual","messageBody":"","fileTypesAndContributionMap":{"md":{"insertions":1,"deletions":0}}},{"hash":"12eac3e29554a69a5dcfc7e7c9a68f2dd346298b","isMergeCommit":false,"messageTitle":"Update user manual","messageBody":"","fileTypesAndContributionMap":{"md":{"insertions":2,"deletions":0}}},{"hash":"0f26898c95c3e33b20a23f5329941b4b18833ade","isMergeCommit":false,"messageTitle":"Update user manual","messageBody":"","fileTypesAndContributionMap":{"md":{"insertions":1,"deletions":1}}},{"hash":"4f678b7359cfc733c2ca7e3973b11ba62b82ec70","isMergeCommit":false,"messageTitle":"Correct formatting error in user manual","messageBody":"","fileTypesAndContributionMap":{"md":{"insertions":3,"deletions":3}}},{"hash":"9c183da439593ff4825d87833ae4d6a3a6d2cfd2","isMergeCommit":false,"messageTitle":"Arrange positions of image in user manual","messageBody":"","fileTypesAndContributionMap":{"md":{"insertions":1,"deletions":1}}},{"hash":"8ab76c68476a9000955404ad4d3ffc8e9dec4526","isMergeCommit":false,"messageTitle":"Correct minor mistakes in EventParser","messageBody":"","fileTypesAndContributionMap":{"txt":{"insertions":5,"deletions":4},"java":{"insertions":4,"deletions":4}}},{"hash":"db1ddcf053fa203343de70d29404139c7352fbad","isMergeCommit":false,"messageTitle":"Update data file","messageBody":"","tags":["A-ModifiedRelease"],"fileTypesAndContributionMap":{"txt":{"insertions":2,"deletions":1}}},{"hash":"a65604b4a19c9d86b61f88185ccc510859cae4ee","isMergeCommit":false,"messageTitle":"Update jar link in user manual","messageBody":"","fileTypesAndContributionMap":{"txt":{"insertions":1,"deletions":0},"md":{"insertions":1,"deletions":1}}}]},{"date":"2024-09-21","commitResults":[{"hash":"c6e26184c99d45583eb08eaaa87fecf85cfcd00f","isMergeCommit":false,"messageTitle":"Update minor errors in user manual","messageBody":"","fileTypesAndContributionMap":{"md":{"insertions":3,"deletions":3}}},{"hash":"a4a2eea144ffe86bbd9f5af12136389da2278000","isMergeCommit":false,"messageTitle":"Correct import order","messageBody":"","fileTypesAndContributionMap":{"java":{"insertions":16,"deletions":24}}},{"hash":"532d05b0b8e11abf1f56b81ba86fce0c7f6d48bd","isMergeCommit":false,"messageTitle":"Correct other formatting errors","messageBody":"","fileTypesAndContributionMap":{"java":{"insertions":17,"deletions":9}}},{"hash":"900a6a60096f379ed4209aed79409b266c91582e","isMergeCommit":false,"messageTitle":"Correct other violations of naming conventions","messageBody":"","fileTypesAndContributionMap":{"java":{"insertions":2,"deletions":2}}},{"hash":"f874f53756bd989a4e417af428f8bbefbdb5e373","isMergeCommit":false,"messageTitle":"Correct other violations of method naming conventions","messageBody":"","fileTypesAndContributionMap":{"java":{"insertions":4,"deletions":4}}},{"hash":"00658ddfb54254faf2bb4d3a47f8fc1c4fa98198","isMergeCommit":false,"messageTitle":"Correct minor formatting errors","messageBody":"","fileTypesAndContributionMap":{"java":{"insertions":1,"deletions":1}}}]},{"date":"2024-09-26","commitResults":[{"hash":"f4bdcedb908af2ee4d00954d61a78ea50edc7c4f","isMergeCommit":false,"messageTitle":"Add javadocs to public methods","messageBody":"","fileTypesAndContributionMap":{"java":{"insertions":26,"deletions":10}}},{"hash":"d7e13e49110f6350f6dc6215a6b61571908ee5a0","isMergeCommit":false,"messageTitle":"Remove magic numbers","messageBody":"","fileTypesAndContributionMap":{"java":{"insertions":2,"deletions":2}}}]},{"date":"2025-02-12","commitResults":[{"hash":"145fcc276c479bdb9055b7579b032ab9b128ae02","isMergeCommit":false,"messageTitle":"Update korolev.txt","messageBody":"retrigger CI run","fileTypesAndContributionMap":{"txt":{"insertions":0,"deletions":1}}},{"hash":"c2bb8c292bfcb2fb0463fd813711087486ca3d0a","isMergeCommit":false,"messageTitle":"Update DateParser.java","messageBody":"trigger PR ci test","fileTypesAndContributionMap":{"java":{"insertions":1,"deletions":1}}},{"hash":"ad078be9f9ea302015e845eee56d176df6a6e345","isMergeCommit":true,"messageTitle":"Merge pull request #5 from CYX22222003/CYX22222003-patch-1","messageBody":"Update DateParser.java","fileTypesAndContributionMap":{}}]}]},"authorFileTypeContributionMap":{"CYX22222003":{"yml":101,"gitignore":3,"md":150,"gradle":64,"properties":7,"gradlew":248,"bat":94,"txt":19,"java":1381,"fxml":81,"TXT":35,"sh":12}},"authorContributionVariance":{"CYX22222003":4658.333},"authorDisplayNameMap":{"CYX22222003":"CYX22222003"}}
