{"authorDailyContributionsMap":{"CYX22222003":[{"date":"2024-08-06","commitResults":[{"hash":"dfe31147471ced6fa9d549def1be1d1d842cde16","isMergeCommit":false,"messageTitle":"Game: Create a new quiz feature (#2919)","messageBody":"* Add new action show_quiz\r\n\r\n* Add quiz parser\r\n\r\n* Add quiz manager\r\n\r\n* Create quiz result type\r\n\r\n* Hide dialogue box while showing quiz\r\n\r\n* Modify character hidding feature\r\n\r\n* Track and display quiz results\r\n\r\n* Debugging for speaker displaying\r\n\r\n* Modify UI for quiz displaying\r\n\r\n* Update UI for quiz display\r\n\r\n* Solve quiz speaker issue\r\n\r\n* Remove default reaction in QuizParser and handle no reaction situation in QuizManager\r\n\r\n* Add a new property (boolean array) in Quiz type to record quiz result\r\n\r\n* Rearrange quiz result\r\n\r\n* Save quiz status as attempted/completed arrays\r\n\r\n* Add conditions to check whether a quiz is attempted/completed\r\n\r\n* Disable keyboard input in a quiz\r\n\r\n* Move question prompt text to QuizConstants\r\n\r\n* QuizParser error handling \u0026 add new \"speaker\" property to QuizType \u0026 store quiz questions to dialogue log\r\n\r\n* Display quiz result message to dialogue log\r\n\r\n* Move quiz result message to QuizConstant\r\n\r\n* Change quiz condition names\r\n\r\n* Add a prompt before a quiz \u0026 proceed to the next dialogue line when a quiz ends\r\n\r\n* Add saving quizzes score\r\n\r\n* Add validation for quiz conditions parameters\r\n\r\n* Add new condition quizScoreAtLeast to check the status of quiz scores\r\n\r\n* Support Interpolation of player\u0027s name in quiz questions\r\n\r\n* Support interpolation of quiz scores in dialogue lines\r\n\r\n* Refactor the logic of makeLineQuizScores method\r\n\r\nCo-authored-by: reginateh \u003ce1312290@u.nus.edu\u003e\r\nCo-authored-by: CZX \u003cCZX123@users.noreply.github.com\u003e","fileTypesAndContributionMap":{"ts":{"insertions":910,"deletions":11}}}]}]},"authorFileTypeContributionMap":{"CYX22222003":{"ts":904}},"authorContributionVariance":{"CYX22222003":3855.5603},"authorDisplayNameMap":{"CYX22222003":"CYX22222003"}}
