{"authorDailyContributionsMap":{"CYX22222003":[{"date":"2024-12-03","commitResults":[{"hash":"2a74ddb583c71ff4182535893ec92cdc25ebfbbd","isMergeCommit":false,"messageTitle":"Complete first step","messageBody":"","fileTypesAndContributionMap":{"py":{"insertions":5,"deletions":9}}},{"hash":"5632b03308b45fe604d6290c490240c1514ef070","isMergeCommit":false,"messageTitle":"Implement lexer for parenthesis","messageBody":"","fileTypesAndContributionMap":{"py":{"insertions":6,"deletions":4}}},{"hash":"d43d6aee8d5e2e239767f8ca48a42b8545f575bc","isMergeCommit":false,"messageTitle":"Implement scanning for braces","messageBody":"","fileTypesAndContributionMap":{"py":{"insertions":4,"deletions":0}}},{"hash":"128b0204e047f35355cc6d7bfad8f7386f3fd0b7","isMergeCommit":false,"messageTitle":"Implement scanning for other characters","messageBody":"","fileTypesAndContributionMap":{"py":{"insertions":9,"deletions":0}}},{"hash":"814b55d6ee266f44a3efa0f3f7a608ffed680563","isMergeCommit":false,"messageTitle":"Refactor code","messageBody":"","fileTypesAndContributionMap":{"py":{"insertions":27,"deletions":18}}},{"hash":"381b309c4466aa73f147a02b3361e4327761c660","isMergeCommit":false,"messageTitle":"Handle lexical errors","messageBody":"","fileTypesAndContributionMap":{"py":{"insertions":49,"deletions":29}}},{"hash":"866b62597a31ebeacb4a372c46dd87cf628c0998","isMergeCommit":false,"messageTitle":"Correct bug","messageBody":"","fileTypesAndContributionMap":{"py":{"insertions":2,"deletions":2}}},{"hash":"16eeef8682d9329956e08b209675cf7b40e6306f","isMergeCommit":false,"messageTitle":"Remove redundant print","messageBody":"","fileTypesAndContributionMap":{"py":{"insertions":0,"deletions":1}}},{"hash":"c406dbf383bf7a3c071bd194d021d246f0e82a0a","isMergeCommit":false,"messageTitle":"Refactor code","messageBody":"","fileTypesAndContributionMap":{"py":{"insertions":2,"deletions":10}}},{"hash":"f767f57f1e0c7414f3fb8b2644359e544dd0fb81","isMergeCommit":false,"messageTitle":"Correct minor bug","messageBody":"","fileTypesAndContributionMap":{"py":{"insertions":1,"deletions":0}}},{"hash":"d8f8edc4770682e7a87b0d7e453a44864821e35b","isMergeCommit":false,"messageTitle":"Correct minor errors","messageBody":"","fileTypesAndContributionMap":{"py":{"insertions":3,"deletions":2}}},{"hash":"07db3e92d93c85d4a81524a740a2b888f5630974","isMergeCommit":false,"messageTitle":"Implements equals and assignment","messageBody":"","fileTypesAndContributionMap":{"py":{"insertions":34,"deletions":1}}},{"hash":"6183bdf260baa364da391cfa587586af94ab7b70","isMergeCommit":false,"messageTitle":"Correct minor bug","messageBody":"","fileTypesAndContributionMap":{"py":{"insertions":4,"deletions":0}}},{"hash":"dc0b4253ab9d31d56e0e97fab31213036c2240e0","isMergeCommit":false,"messageTitle":"Implement division and comments","messageBody":"","fileTypesAndContributionMap":{"py":{"insertions":9,"deletions":0}}},{"hash":"1277a7aafe79aa3e203cbcc40eedc41350c4fee9","isMergeCommit":false,"messageTitle":"Correct minor bug","messageBody":"","fileTypesAndContributionMap":{"py":{"insertions":1,"deletions":1}}},{"hash":"313ce25c1957fd0fc8ab210eb0779af582d14de4","isMergeCommit":false,"messageTitle":"Correct minor bug","messageBody":"","fileTypesAndContributionMap":{"py":{"insertions":1,"deletions":1}}},{"hash":"9463a51f542538b1f7708ad505b07524c167886c","isMergeCommit":false,"messageTitle":"Correct index errors","messageBody":"","fileTypesAndContributionMap":{"py":{"insertions":1,"deletions":1}}},{"hash":"97d2cc847264e81e06932d46debfebe616ce7653","isMergeCommit":false,"messageTitle":"Correct minor bugs","messageBody":"","fileTypesAndContributionMap":{"py":{"insertions":1,"deletions":1}}},{"hash":"36606083c88a13a81d31b2055f10d78eb770ed94","isMergeCommit":false,"messageTitle":"Minor bug correction","messageBody":"","fileTypesAndContributionMap":{"py":{"insertions":1,"deletions":1}}},{"hash":"103781bc2dcbe1c342ca0a8c8be3502bee6ba85f","isMergeCommit":false,"messageTitle":"Handle white space","messageBody":"","fileTypesAndContributionMap":{"py":{"insertions":2,"deletions":0}}},{"hash":"9b779f23d3cde41b1ad67a9fcebb3d1bdd44f5e6","isMergeCommit":false,"messageTitle":"Test the code","messageBody":"","fileTypesAndContributionMap":{"py":{"insertions":1,"deletions":1}}},{"hash":"86790d59124e622c902ad81f1111c9c9afbc7d8a","isMergeCommit":false,"messageTitle":"Retrigger test","messageBody":"","fileTypesAndContributionMap":{"py":{"insertions":1,"deletions":1}}},{"hash":"456e97f7fa147b8721c477c58b57045f18a4c037","isMergeCommit":false,"messageTitle":"Update test file","messageBody":"","fileTypesAndContributionMap":{"yml":{"insertions":1,"deletions":1}}},{"hash":"73ee5271875ffd92a912575725e67e1744a89ee6","isMergeCommit":false,"messageTitle":"Correct minor bugs","messageBody":"","fileTypesAndContributionMap":{"py":{"insertions":1,"deletions":1}}},{"hash":"c3113b7ae89b8544b25be9a88ef3893e677ffaa8","isMergeCommit":false,"messageTitle":"Minor correction","messageBody":"","fileTypesAndContributionMap":{"py":{"insertions":1,"deletions":1}}},{"hash":"5e9c86c3a9ac571d1539ba7c1f6d7573320200f8","isMergeCommit":false,"messageTitle":"Update line number search","messageBody":"","fileTypesAndContributionMap":{"py":{"insertions":1,"deletions":1}}},{"hash":"851b1545b30ac472f8531267bf802800c094d564","isMergeCommit":false,"messageTitle":"Scan for string","messageBody":"","fileTypesAndContributionMap":{"py":{"insertions":22,"deletions":1}}},{"hash":"20d75bbe416ef10d72bc371d41641e03d2a299e6","isMergeCommit":false,"messageTitle":"Minor correction","messageBody":"","fileTypesAndContributionMap":{"py":{"insertions":3,"deletions":0}}},{"hash":"eb6e85596ef2b2a9d01053d8f2ff93a5e26fdc67","isMergeCommit":false,"messageTitle":"Correct literal values","messageBody":"","fileTypesAndContributionMap":{"py":{"insertions":1,"deletions":1}}},{"hash":"b644f7a1b30f3851375129131484b649fa270041","isMergeCommit":false,"messageTitle":"Wrong index","messageBody":"","fileTypesAndContributionMap":{"py":{"insertions":1,"deletions":1}}},{"hash":"4cacfd29b57ae14c95ac247bd1558a6a1dbd4d39","isMergeCommit":false,"messageTitle":"Index errors","messageBody":"","fileTypesAndContributionMap":{"py":{"insertions":1,"deletions":1}}},{"hash":"2d8b8853eae3cf273ca2b20bbd783b3e5879373c","isMergeCommit":false,"messageTitle":"Correct OutOfIndex","messageBody":"","fileTypesAndContributionMap":{"py":{"insertions":8,"deletions":4}}},{"hash":"2f0802e5140873bed3abc2101b384fda7eaca519","isMergeCommit":false,"messageTitle":"Correct wrong steps of advance","messageBody":"","fileTypesAndContributionMap":{"py":{"insertions":0,"deletions":1}}},{"hash":"aeb71ae4a96813c82574b8bda48dd6662d1a1b1b","isMergeCommit":false,"messageTitle":"Update extract of literal","messageBody":"","fileTypesAndContributionMap":{"py":{"insertions":1,"deletions":1}}}]},{"date":"2024-12-04","commitResults":[{"hash":"6142395b20f7491088ffd79dd8cd65296a92790d","isMergeCommit":false,"messageTitle":"Refactor code","messageBody":"","fileTypesAndContributionMap":{"py":{"insertions":277,"deletions":108}}},{"hash":"8cd830e802470dce47e9fc7ca3e1186e7f037f8f","isMergeCommit":false,"messageTitle":"Add init file","messageBody":"","fileTypesAndContributionMap":{"py":{"insertions":0,"deletions":0}}},{"hash":"a86dd08dc1c42897b8736063ac43f6490ea99ead","isMergeCommit":false,"messageTitle":"Update package name","messageBody":"","fileTypesAndContributionMap":{"py":{"insertions":2,"deletions":2}}},{"hash":"30a00ff972eb983386b85a99468254900415097f","isMergeCommit":false,"messageTitle":"Correct wrong method call","messageBody":"","fileTypesAndContributionMap":{"py":{"insertions":14,"deletions":13}}},{"hash":"6401a65ee8e369c85b44a609b4078524b348f76b","isMergeCommit":false,"messageTitle":"Correct minor erros","messageBody":"","fileTypesAndContributionMap":{"py":{"insertions":1,"deletions":1}}},{"hash":"64d3a340fa029d738cc4f886a79b1565db95691c","isMergeCommit":false,"messageTitle":"Add limit to pointer","messageBody":"","fileTypesAndContributionMap":{"py":{"insertions":1,"deletions":1}}},{"hash":"1103dc90011e1f684afd0c7b256e5857c4f66524","isMergeCommit":false,"messageTitle":"Correct off by 1","messageBody":"","fileTypesAndContributionMap":{"py":{"insertions":1,"deletions":0}}},{"hash":"9b934e307be164d09d6abe2acb42b5b4d541c877","isMergeCommit":false,"messageTitle":"Print EOF","messageBody":"","fileTypesAndContributionMap":{"py":{"insertions":1,"deletions":0}}},{"hash":"fcb3137a87c6574e4b7b717691ac70750e64781b","isMergeCommit":false,"messageTitle":"Override to string method","messageBody":"","fileTypesAndContributionMap":{"py":{"insertions":1,"deletions":1}}},{"hash":"3d6e3e1fc1fabf5cc5030dc8345b001e8804b97a","isMergeCommit":false,"messageTitle":"Refactor scanner","messageBody":"","fileTypesAndContributionMap":{"py":{"insertions":85,"deletions":74}}},{"hash":"9b44e1bcad3a6fa30a986ca84170b48888892c58","isMergeCommit":false,"messageTitle":"Add scanners for identifiers","messageBody":"","fileTypesAndContributionMap":{"py":{"insertions":12,"deletions":0}}},{"hash":"a459c13356b5f895e74f2754d2a01037d4e48fc0","isMergeCommit":false,"messageTitle":"Update check for identifiers","messageBody":"","fileTypesAndContributionMap":{"py":{"insertions":5,"deletions":1}}},{"hash":"48d8a38a3c17d0ec0b439e78198b7a85908c11b9","isMergeCommit":false,"messageTitle":"Correct minor bug","messageBody":"","fileTypesAndContributionMap":{"py":{"insertions":1,"deletions":1}}},{"hash":"46ca1543e368596edbf8dd7db66701d94247654f","isMergeCommit":false,"messageTitle":"Update checks for identifiers","messageBody":"","fileTypesAndContributionMap":{"py":{"insertions":5,"deletions":1}}},{"hash":"5d2e062b996e4c419526e2249606e31ddb221c71","isMergeCommit":false,"messageTitle":"Correct offBy1 error","messageBody":"","fileTypesAndContributionMap":{"py":{"insertions":2,"deletions":1}}},{"hash":"a05d531a06fcb91bcfefedda8efb57f987040b7d","isMergeCommit":false,"messageTitle":"Add scanner","messageBody":"","fileTypesAndContributionMap":{"py":{"insertions":37,"deletions":8}}},{"hash":"a2402bd25ad5395cfe589053f983f2976c7f8b1d","isMergeCommit":false,"messageTitle":"Add file for local test","messageBody":"","fileTypesAndContributionMap":{"lox":{"insertions":1,"deletions":0},"sh":{"insertions":17,"deletions":2}}},{"hash":"a8d541b66cd127faeeb80b449c3beba5d54cd978","isMergeCommit":false,"messageTitle":"Refactor code","messageBody":"","fileTypesAndContributionMap":{"py":{"insertions":118,"deletions":163}}},{"hash":"cf7b400f8a4d6ef6481d6a12616301fac3f88601","isMergeCommit":false,"messageTitle":"Refactor code","messageBody":"","fileTypesAndContributionMap":{"py":{"insertions":7,"deletions":7}}},{"hash":"aad5803e79fbc9c17a1928999b51428d19a1f5d2","isMergeCommit":false,"messageTitle":"Refactor scanner","messageBody":"","fileTypesAndContributionMap":{"lox":{"insertions":7,"deletions":0},"py":{"insertions":16,"deletions":13}}},{"hash":"6c450c3710eb316b09a402ac21d240aab3f7bac6","isMergeCommit":false,"messageTitle":"Implement basic parser","messageBody":"","fileTypesAndContributionMap":{"lox":{"insertions":1,"deletions":8},"py":{"insertions":179,"deletions":28}}},{"hash":"616bbe07b59ca97cd2339fb5f7b13725c3efa2d3","isMergeCommit":false,"messageTitle":"Remove scanner print","messageBody":"","fileTypesAndContributionMap":{"py":{"insertions":2,"deletions":2}}},{"hash":"0b119f28cb3419d5552d20345703360a78582069","isMergeCommit":false,"messageTitle":"Update new literal","messageBody":"","fileTypesAndContributionMap":{"py":{"insertions":3,"deletions":3}}},{"hash":"48a1f1b46bbf71b3853799be89d447babd429c6a","isMergeCommit":false,"messageTitle":"Differentiate commands","messageBody":"","fileTypesAndContributionMap":{"py":{"insertions":7,"deletions":3}}},{"hash":"6373894e0f0ce99ca5561003b0dd02fa6e34b317","isMergeCommit":false,"messageTitle":"Initiate test","messageBody":"","fileTypesAndContributionMap":{"lox":{"insertions":1,"deletions":1},"py":{"insertions":3,"deletions":2}}},{"hash":"0f7a544166493a7e5b23afb927652c68787bb518","isMergeCommit":false,"messageTitle":"Update method inheritance","messageBody":"","fileTypesAndContributionMap":{"py":{"insertions":1,"deletions":1}}},{"hash":"eaa47bd74e7078866a5803aa3d461ddd72c32cc7","isMergeCommit":false,"messageTitle":"Update new print","messageBody":"","fileTypesAndContributionMap":{"py":{"insertions":1,"deletions":1}}},{"hash":"7af5a5e6f226b8b38814f1a04d91795053baf713","isMergeCommit":false,"messageTitle":"Update parser for expression","messageBody":"","fileTypesAndContributionMap":{"lox":{"insertions":1,"deletions":1},"py":{"insertions":4,"deletions":2}}},{"hash":"998e1d6276fa0c6be3c23fc197f8348d0e533e63","isMergeCommit":false,"messageTitle":"Add parathesis","messageBody":"","fileTypesAndContributionMap":{"py":{"insertions":1,"deletions":1}}},{"hash":"4885f215faff65d2d7a1f77d5b0e812fb25d237b","isMergeCommit":false,"messageTitle":"Update access of value","messageBody":"","fileTypesAndContributionMap":{"py":{"insertions":1,"deletions":1}}},{"hash":"86db8caaa4b5ab673b2bc47c072fc6a0aa1e4702","isMergeCommit":false,"messageTitle":"Trigger new test","messageBody":"","fileTypesAndContributionMap":{"lox":{"insertions":1,"deletions":1}}},{"hash":"adea839a0174a02ba6ecab8a512b3076dccb195e","isMergeCommit":false,"messageTitle":"Correctly handle right parenthe","messageBody":"","fileTypesAndContributionMap":{"lox":{"insertions":1,"deletions":1},"py":{"insertions":2,"deletions":0}}}]},{"date":"2024-12-05","commitResults":[{"hash":"e2cf40393ea4964fdb65d16f2596aeab4e1b1cca","isMergeCommit":false,"messageTitle":"Add line number to token","messageBody":"","fileTypesAndContributionMap":{"lox":{"insertions":1,"deletions":1},"md":{"insertions":9,"deletions":0},"py":{"insertions":26,"deletions":11}}},{"hash":"61e3f2febfa4ad9c9730f8691cdbd8bcbe106fbd","isMergeCommit":false,"messageTitle":"Detect syntax errors","messageBody":"","fileTypesAndContributionMap":{"lox":{"insertions":5,"deletions":1},"py":{"insertions":83,"deletions":66}}},{"hash":"f8165dd4a0ef0ffe6da720401c054e00e3124870","isMergeCommit":false,"messageTitle":"Correct exit code","messageBody":"","fileTypesAndContributionMap":{"py":{"insertions":2,"deletions":2}}},{"hash":"eb61fd501852cfc24308f493c8f3a9ab3499b93d","isMergeCommit":false,"messageTitle":"Handle all syntax errors","messageBody":"","fileTypesAndContributionMap":{"lox":{"insertions":1,"deletions":4},"py":{"insertions":3,"deletions":0}}},{"hash":"9b65b8e1c482b13ece8b6d6d2f3fa02e8b33647b","isMergeCommit":false,"messageTitle":"Update tokenizer","messageBody":"","fileTypesAndContributionMap":{"lox":{"insertions":4,"deletions":1},"py":{"insertions":1,"deletions":1}}},{"hash":"03a40d51759812c47d575f335334fffd65def692","isMergeCommit":false,"messageTitle":"Update scanner","messageBody":"","fileTypesAndContributionMap":{"py":{"insertions":1,"deletions":1}}},{"hash":"507dd2b086499b784276bb7abe00696e1f959da7","isMergeCommit":false,"messageTitle":"Update error message","messageBody":"","fileTypesAndContributionMap":{"py":{"insertions":1,"deletions":1}}},{"hash":"8c632ee8ac2ea6f3edd514ec8e2fac16d8d5cda5","isMergeCommit":false,"messageTitle":"Modify error message","messageBody":"","fileTypesAndContributionMap":{"py":{"insertions":1,"deletions":1}}},{"hash":"1b9ba06df7e6609968a169fe4f1d43b3599bbe9d","isMergeCommit":false,"messageTitle":"Add basic evaluation","messageBody":"","fileTypesAndContributionMap":{"lox":{"insertions":1,"deletions":5},"py":{"insertions":87,"deletions":7}}},{"hash":"001535957290b0ab83038f49ca66f3497035f734","isMergeCommit":false,"messageTitle":"Convert truthy value","messageBody":"","fileTypesAndContributionMap":{"py":{"insertions":7,"deletions":1}}},{"hash":"ddf97ae1507b2631e3793979b4f4c45dca587346","isMergeCommit":false,"messageTitle":"Update convertion of nil","messageBody":"","fileTypesAndContributionMap":{"py":{"insertions":4,"deletions":2}}},{"hash":"a5f4c37be9a6d3c0ea230bc091c1def710327949","isMergeCommit":false,"messageTitle":"Minor bug fix","messageBody":"","fileTypesAndContributionMap":{"py":{"insertions":1,"deletions":1}}},{"hash":"d22f7296d3095589ca432a6bcb8d7bc70ac4904a","isMergeCommit":false,"messageTitle":"Minor adjustment","messageBody":"","fileTypesAndContributionMap":{"py":{"insertions":1,"deletions":1}}},{"hash":"48ec2adadfb352d63086da173096b74b4e678025","isMergeCommit":false,"messageTitle":"Trigger test running","messageBody":"","fileTypesAndContributionMap":{"lox":{"insertions":1,"deletions":1}}},{"hash":"d8a2c01d64d1721cc2f6ff3562b23c9e8fcaf484","isMergeCommit":false,"messageTitle":"Add number formatter","messageBody":"","fileTypesAndContributionMap":{"lox":{"insertions":1,"deletions":1},"py":{"insertions":5,"deletions":3}}},{"hash":"85a8573a35ec52d296a0bdda9fd14bf29918ec6e","isMergeCommit":false,"messageTitle":"Handle evaluation of grouping","messageBody":"","fileTypesAndContributionMap":{"lox":{"insertions":1,"deletions":1},"py":{"insertions":1,"deletions":1}}},{"hash":"98ffecf6ff41bf827b96dd3e5f8e6f39821d184d","isMergeCommit":false,"messageTitle":"Evaluate unary expression","messageBody":"","fileTypesAndContributionMap":{"lox":{"insertions":1,"deletions":1},"py":{"insertions":89,"deletions":45}}},{"hash":"008449e75a26c158559677f798a248727821e45b","isMergeCommit":false,"messageTitle":"Refactor code and update interpreter","messageBody":"","fileTypesAndContributionMap":{"lox":{"insertions":1,"deletions":1},"py":{"insertions":7,"deletions":5}}},{"hash":"ce30ea5e6d2794ac3ba59e067898016de8086105","isMergeCommit":false,"messageTitle":"Evaluate equality","messageBody":"","fileTypesAndContributionMap":{"py":{"insertions":5,"deletions":1}}},{"hash":"4b7f2f0d00b30673f36c89df1e39e1282ce13adf","isMergeCommit":false,"messageTitle":"Add simple runtime error handler","messageBody":"","fileTypesAndContributionMap":{"py":{"insertions":43,"deletions":4}}},{"hash":"9e8da0ef4339d85eb114195fb515db8c1e3cba11","isMergeCommit":false,"messageTitle":"Add simple runtime error handler","messageBody":"","fileTypesAndContributionMap":{"lox":{"insertions":1,"deletions":1},"py":{"insertions":3,"deletions":1}}},{"hash":"05372146b815f8a95b8635b9a83719cde93370bb","isMergeCommit":false,"messageTitle":"Add exit code","messageBody":"","fileTypesAndContributionMap":{"py":{"insertions":1,"deletions":0}}},{"hash":"9998d57c5c284a1b8712b1e9c3dd9bf0134f7125","isMergeCommit":false,"messageTitle":"Fix minor bug","messageBody":"","fileTypesAndContributionMap":{"lox":{"insertions":1,"deletions":1},"py":{"insertions":1,"deletions":1}}},{"hash":"6d7e65a646b4731f46305d6e1fe8df92182d964f","isMergeCommit":false,"messageTitle":"Trigger new test","messageBody":"","fileTypesAndContributionMap":{"py":{"insertions":2,"deletions":2}}},{"hash":"ed0789e367794aed210872d70be2d30be25f5385","isMergeCommit":false,"messageTitle":"Add runtime error for time/division","messageBody":"","fileTypesAndContributionMap":{"py":{"insertions":34,"deletions":21}}},{"hash":"fbf2bbdbd8190818923bfcc41df9e80b5efe6510","isMergeCommit":false,"messageTitle":"Change relationship","messageBody":"","fileTypesAndContributionMap":{"py":{"insertions":2,"deletions":2}}},{"hash":"41fb314cf45d0e7c3f5ed7fbb253deab8d181e24","isMergeCommit":false,"messageTitle":"Update","messageBody":"","fileTypesAndContributionMap":{"py":{"insertions":6,"deletions":2}}},{"hash":"ca4793cac86a1a70757c5e0c91b856685bccc42c","isMergeCommit":false,"messageTitle":"Add runtime error for add and minus","messageBody":"","fileTypesAndContributionMap":{"lox":{"insertions":1,"deletions":1},"py":{"insertions":26,"deletions":8}}},{"hash":"31c560f1c682105580db98d78ad273f4466cd27f","isMergeCommit":false,"messageTitle":"Correct minor bug","messageBody":"","fileTypesAndContributionMap":{"py":{"insertions":1,"deletions":1}}},{"hash":"7f239a19beab538f3c2bbb9f11030a1a1e837e8f","isMergeCommit":false,"messageTitle":"Add more runtime error handler","messageBody":"","fileTypesAndContributionMap":{"py":{"insertions":27,"deletions":7}}},{"hash":"a34c7d5d51d29abd6e175fe5516fa1476788623d","isMergeCommit":false,"messageTitle":"Refactor code","messageBody":"","fileTypesAndContributionMap":{"lox":{"insertions":1,"deletions":1},"py":{"insertions":133,"deletions":122}}},{"hash":"94e12e83e7fc9a6bc14f937c0489037a3d3943fe","isMergeCommit":false,"messageTitle":"Implement print statement","messageBody":"","fileTypesAndContributionMap":{"lox":{"insertions":4,"deletions":1},"md":{"insertions":5,"deletions":0},"py":{"insertions":71,"deletions":31}}},{"hash":"a24e306e97cf3563df7fe39df1e6f441e4be3e3c","isMergeCommit":false,"messageTitle":"Change command word","messageBody":"","fileTypesAndContributionMap":{"py":{"insertions":2,"deletions":2}}},{"hash":"4ac313a99a3950d94035153ff053ccb7c831b225","isMergeCommit":false,"messageTitle":"Format priting","messageBody":"","fileTypesAndContributionMap":{"py":{"insertions":2,"deletions":2}}},{"hash":"955917e5742a2656ef571f02f6810f96d41b28ee","isMergeCommit":false,"messageTitle":"Update run command","messageBody":"","fileTypesAndContributionMap":{"lox":{"insertions":3,"deletions":1},"py":{"insertions":6,"deletions":3}}},{"hash":"15d0c3fb2a475f701f51fd860d91e972decc8732","isMergeCommit":false,"messageTitle":"Update run and evaluate command","messageBody":"","fileTypesAndContributionMap":{"lox":{"insertions":1,"deletions":4},"py":{"insertions":9,"deletions":4}}},{"hash":"1d5b4a79738c5c1bb636abe29984ce601ee92a6e","isMergeCommit":false,"messageTitle":"Update exit error code","messageBody":"","fileTypesAndContributionMap":{"py":{"insertions":2,"deletions":2}}},{"hash":"b04c9823426b5482b6eec5a22508dee4195dba2b","isMergeCommit":false,"messageTitle":"Update parser","messageBody":"","fileTypesAndContributionMap":{"py":{"insertions":5,"deletions":3}}},{"hash":"ddedab3d527752951c308f036f08c01e661a1e9d","isMergeCommit":false,"messageTitle":"Change again","messageBody":"","fileTypesAndContributionMap":{"py":{"insertions":2,"deletions":2}}},{"hash":"85096ba441c3a2cdc6c14cf4002af532369001d2","isMergeCommit":false,"messageTitle":"Update command class","messageBody":"","fileTypesAndContributionMap":{"py":{"insertions":22,"deletions":5}}},{"hash":"8ea6f75c004079f3033e9df3cd096ca3bf6e052f","isMergeCommit":false,"messageTitle":"Default 1","messageBody":"","fileTypesAndContributionMap":{"py":{"insertions":2,"deletions":2}}},{"hash":"a4f977054eb4caceb94087f23cfdda435396f042","isMergeCommit":false,"messageTitle":"Seperate expression and statements evaluation","messageBody":"","fileTypesAndContributionMap":{"lox":{"insertions":2,"deletions":3},"py":{"insertions":36,"deletions":7}}},{"hash":"d516039f352173c52a844189af599d2e983ea118","isMergeCommit":false,"messageTitle":"Update parse command","messageBody":"","fileTypesAndContributionMap":{"py":{"insertions":1,"deletions":1}}},{"hash":"82121ea095c1ab9a5f5a4ac9318e4c806f3c126d","isMergeCommit":false,"messageTitle":"Update parse method again","messageBody":"","fileTypesAndContributionMap":{"lox":{"insertions":1,"deletions":2},"py":{"insertions":6,"deletions":18}}},{"hash":"5830fb02cfa4e7713e616fcca22cae5a29360b55","isMergeCommit":false,"messageTitle":"Modify parse and evaluate","messageBody":"","fileTypesAndContributionMap":{"lox":{"insertions":1,"deletions":1},"py":{"insertions":2,"deletions":6}}},{"hash":"7c8a2d953d319d1290d309c1d418c4d36fd8c068","isMergeCommit":false,"messageTitle":"Implement variable declaration","messageBody":"","fileTypesAndContributionMap":{"lox":{"insertions":7,"deletions":1},"md":{"insertions":5,"deletions":2},"py":{"insertions":104,"deletions":18}}},{"hash":"58b6602aab1b2f3aa44e7d7b0b59c82eaaa90bab","isMergeCommit":false,"messageTitle":"Update declaration","messageBody":"","fileTypesAndContributionMap":{"lox":{"insertions":2,"deletions":1},"py":{"insertions":2,"deletions":2}}},{"hash":"dcc27258014b30b5b619af29c72a47ac66cb3781","isMergeCommit":false,"messageTitle":"Update exit code","messageBody":"","fileTypesAndContributionMap":{"py":{"insertions":2,"deletions":2}}}]},{"date":"2024-12-06","commitResults":[{"hash":"c18cb9e1002dd2b4dbc650ce76e74ef9eb272219","isMergeCommit":false,"messageTitle":"Update environment","messageBody":"","fileTypesAndContributionMap":{"lox":{"insertions":3,"deletions":1},"py":{"insertions":9,"deletions":5}}},{"hash":"a57673610aea5c8f08454ff206ed140278452724","isMergeCommit":false,"messageTitle":"Update parser","messageBody":"","fileTypesAndContributionMap":{"lox":{"insertions":3,"deletions":6},"py":{"insertions":1,"deletions":1}}},{"hash":"625bc13fe82fefcc6fd9821a564282b9557e1b90","isMergeCommit":false,"messageTitle":"Update parse error handling logic","messageBody":"","fileTypesAndContributionMap":{"lox":{"insertions":2,"deletions":1},"py":{"insertions":23,"deletions":12}}},{"hash":"1cf5811e74fad801496344972a95d932d649c372","isMergeCommit":false,"messageTitle":"Implement assignment","messageBody":"","fileTypesAndContributionMap":{"lox":{"insertions":8,"deletions":3},"md":{"insertions":3,"deletions":1},"py":{"insertions":33,"deletions":5}}},{"hash":"d2defff919b87ba86573268fdc0e9a2dd0076a9b","isMergeCommit":false,"messageTitle":"Update change","messageBody":"","fileTypesAndContributionMap":{"lox":{"insertions":5,"deletions":13},"py":{"insertions":4,"deletions":1}}}]},{"date":"2024-12-07","commitResults":[{"hash":"4f60bdab0419c8817306bb787c21b5e818b71aa2","isMergeCommit":false,"messageTitle":"Add block structure","messageBody":"","fileTypesAndContributionMap":{"lox":{"insertions":10,"deletions":5},"md":{"insertions":3,"deletions":1},"py":{"insertions":56,"deletions":23}}},{"hash":"5510cae6d670357adeb7b2fb3f51cf61b65aa58b","isMergeCommit":false,"messageTitle":"Update program execution","messageBody":"","fileTypesAndContributionMap":{"lox":{"insertions":10,"deletions":2},"py":{"insertions":1,"deletions":1}}}]},{"date":"2024-12-08","commitResults":[{"hash":"916794d8c3d442279f14ad9604e13105e7f12aee","isMergeCommit":false,"messageTitle":"Seperate statement and expression","messageBody":"","fileTypesAndContributionMap":{"lox":{"insertions":8,"deletions":1},"md":{"insertions":2,"deletions":0},"py":{"insertions":18,"deletions":22}}},{"hash":"7665f169da7c310ef395a1017d3afabf88ff7dab","isMergeCommit":false,"messageTitle":"Reorder systax elements","messageBody":"","fileTypesAndContributionMap":{"py":{"insertions":34,"deletions":29}}},{"hash":"c3db449f744095a1e27bf8b1c309f7898ffc1cb1","isMergeCommit":false,"messageTitle":"Implement if statement","messageBody":"","fileTypesAndContributionMap":{"lox":{"insertions":14,"deletions":7},"py":{"insertions":37,"deletions":8}}},{"hash":"769e215e8d5d28bb7d95c86d1fbdd749f889f12a","isMergeCommit":false,"messageTitle":"Add logical operations","messageBody":"","fileTypesAndContributionMap":{"lox":{"insertions":8,"deletions":4},"md":{"insertions":3,"deletions":1},"py":{"insertions":43,"deletions":2}}},{"hash":"6f0282aee89fd0fc4eb47243d9e1bd4c7c623ca4","isMergeCommit":false,"messageTitle":"Trigger test run","messageBody":"","fileTypesAndContributionMap":{"lox":{"insertions":1,"deletions":1}}},{"hash":"5c9e77b896f089c5fa3354d92b9d3b03e70ebee5","isMergeCommit":false,"messageTitle":"Change isTruthy","messageBody":"","fileTypesAndContributionMap":{"lox":{"insertions":2,"deletions":0},"py":{"insertions":6,"deletions":9}}},{"hash":"c6be2b0d3e2c59e811e02d8974cff7186afd8159","isMergeCommit":false,"messageTitle":"Implement while loop","messageBody":"","fileTypesAndContributionMap":{"lox":{"insertions":8,"deletions":1},"md":{"insertions":8,"deletions":3},"py":{"insertions":22,"deletions":0}}},{"hash":"2e832a6501b18e6a727684370993986078e01f5b","isMergeCommit":false,"messageTitle":"Implement for loop","messageBody":"","fileTypesAndContributionMap":{"lox":{"insertions":4,"deletions":0},"md":{"insertions":4,"deletions":0},"py":{"insertions":39,"deletions":0}}},{"hash":"51a803bbd047feffaade2b0bb7057a4abce40c86","isMergeCommit":false,"messageTitle":"Trigger test run","messageBody":"","fileTypesAndContributionMap":{"lox":{"insertions":1,"deletions":1}}}]},{"date":"2024-12-10","commitResults":[{"hash":"51b2a3a1d881c05238bae7ecd16beac294d62ae2","isMergeCommit":false,"messageTitle":"Add function call","messageBody":"","fileTypesAndContributionMap":{"lox":{"insertions":3,"deletions":1},"md":{"insertions":13,"deletions":3},"py":{"insertions":57,"deletions":7}}},{"hash":"e020831b92578494a801aa569c9024f005f8083c","isMergeCommit":false,"messageTitle":"Add function call","messageBody":"","fileTypesAndContributionMap":{"lox":{"insertions":3,"deletions":1}}}]},{"date":"2024-12-12","commitResults":[{"hash":"ad167d89192a52ca45fbd02e7adea3b427e9a1b4","isMergeCommit":false,"messageTitle":"Add more native function","messageBody":"","fileTypesAndContributionMap":{"lox":{"insertions":10,"deletions":2},"py":{"insertions":53,"deletions":10}}},{"hash":"539b4887c7258bfa46ac96200e9d0dc6cbf30e62","isMergeCommit":false,"messageTitle":"Add function declaration","messageBody":"","fileTypesAndContributionMap":{"lox":{"insertions":60,"deletions":54},"gitignore":{"insertions":1,"deletions":1},"py":{"insertions":94,"deletions":25}}},{"hash":"82adfe679a667a0c7b4421e573f2f1951597f6b6","isMergeCommit":false,"messageTitle":"Correct wrong return","messageBody":"","fileTypesAndContributionMap":{"lox":{"insertions":4,"deletions":9},"py":{"insertions":1,"deletions":1}}},{"hash":"44a69f247435dedae104497a813f68ab31d36682","isMergeCommit":false,"messageTitle":"Update function print info","messageBody":"","fileTypesAndContributionMap":{"lox":{"insertions":4,"deletions":2},"py":{"insertions":2,"deletions":0}}},{"hash":"089ba0840a4af0556735e802078feede74f21c4d","isMergeCommit":false,"messageTitle":"Update function print","messageBody":"","fileTypesAndContributionMap":{"lox":{"insertions":33,"deletions":52},"py":{"insertions":29,"deletions":20}}},{"hash":"c2e173257ec3462ff13450cfe37e89735bbcc340","isMergeCommit":false,"messageTitle":"Revert log in environment","messageBody":"","fileTypesAndContributionMap":{"py":{"insertions":0,"deletions":4}}},{"hash":"278b10a184d477662401d2852337b89e924d9f99","isMergeCommit":false,"messageTitle":"Trigger test run","messageBody":"","fileTypesAndContributionMap":{"lox":{"insertions":1,"deletions":0}}},{"hash":"8baf7f71e1a0a5bcbeb7cc2a519a8ee02a32c628","isMergeCommit":false,"messageTitle":"Trigger test run again","messageBody":"","fileTypesAndContributionMap":{"lox":{"insertions":2,"deletions":1}}},{"hash":"6c187e8ce119c238f5c53990f7bb005ffa5d74b4","isMergeCommit":false,"messageTitle":"Trigger test run","messageBody":"","fileTypesAndContributionMap":{"lox":{"insertions":1,"deletions":0}}},{"hash":"074a7fb966c5692157479b3fe28a676a6c9b4720","isMergeCommit":false,"messageTitle":"Trigger test run","messageBody":"","fileTypesAndContributionMap":{"py":{"insertions":1,"deletions":0}}},{"hash":"75abc7f5aba5a0890ccf342b4096293e4d585121","isMergeCommit":false,"messageTitle":"Handle arity errors","messageBody":"","fileTypesAndContributionMap":{"lox":{"insertions":4,"deletions":2},"py":{"insertions":3,"deletions":1}}},{"hash":"d4eff16977a052ca89692feb318a8e4ceb3020c1","isMergeCommit":false,"messageTitle":"Update handling of comma","messageBody":"","fileTypesAndContributionMap":{"lox":{"insertions":1,"deletions":2},"py":{"insertions":8,"deletions":3}}},{"hash":"dd5d515ce3b61b140d19fbe79eafc2191513ea93","isMergeCommit":false,"messageTitle":"Trigger test","messageBody":"","fileTypesAndContributionMap":{"lox":{"insertions":1,"deletions":0}}},{"hash":"97b5e118637b1f0bc2f263bb36f44581d1edc59c","isMergeCommit":false,"messageTitle":"Update return statement","messageBody":"","fileTypesAndContributionMap":{"lox":{"insertions":5,"deletions":1},"py":{"insertions":1,"deletions":1}}},{"hash":"8ae41908958fb1c03a5675c75eafbe6ba7d8a046","isMergeCommit":false,"messageTitle":"Update return statement","messageBody":"","fileTypesAndContributionMap":{"lox":{"insertions":0,"deletions":2}}},{"hash":"7a56de3ab73c23c50ab047b7a1bcd624e1f60890","isMergeCommit":false,"messageTitle":"Correct reference error","messageBody":"","fileTypesAndContributionMap":{"lox":{"insertions":10,"deletions":48},"py":{"insertions":33,"deletions":22}}},{"hash":"ddbbd3af7a08579add520bf1e7ea2ddb65d50e84","isMergeCommit":false,"messageTitle":"Recover predefineds","messageBody":"","fileTypesAndContributionMap":{"py":{"insertions":7,"deletions":7}}},{"hash":"00f11203e66b4a00d83045a1b47ff4b7012323ab","isMergeCommit":false,"messageTitle":"Trigger test run","messageBody":"","fileTypesAndContributionMap":{"lox":{"insertions":2,"deletions":1},"py":{"insertions":0,"deletions":5}}},{"hash":"a6afe710f16d5040879a477df3fb4a20a842fc70","isMergeCommit":false,"messageTitle":"Trigger test run","messageBody":"","fileTypesAndContributionMap":{"lox":{"insertions":28,"deletions":1}}},{"hash":"7238389282e9bf917253550fa5ddf73c9ed64dca","isMergeCommit":false,"messageTitle":"Compile interpreter","messageBody":"","fileTypesAndContributionMap":{"lox":{"insertions":0,"deletions":2},"gitignore":{"insertions":1,"deletions":1}}},{"hash":"40da5379542f9fc93c3ab135c8036dafbf5edfab","isMergeCommit":false,"messageTitle":"Update README","messageBody":"","tags":["v0.1"],"fileTypesAndContributionMap":{"md":{"insertions":3,"deletions":39}}}]},{"date":"2024-12-13","commitResults":[{"hash":"33690b082e7d4dac6ef38aa8f48b7644b90e67ac","isMergeCommit":false,"messageTitle":"Implement lambda expression","messageBody":"","fileTypesAndContributionMap":{"lox":{"insertions":18,"deletions":7},"md":{"insertions":4,"deletions":1},"py":{"insertions":65,"deletions":4}}},{"hash":"c46afc9a3ba59c86fd2dcfa4c947a0d4bca129db","isMergeCommit":false,"messageTitle":"Implement conditional expression","messageBody":"","fileTypesAndContributionMap":{"lox":{"insertions":20,"deletions":7},"md":{"insertions":2,"deletions":2},"py":{"insertions":32,"deletions":3}}},{"hash":"b5a53ceb696693be64e59b51d23b1289f8b99af5","isMergeCommit":false,"messageTitle":"Add predefined methods","messageBody":"","fileTypesAndContributionMap":{"lox":{"insertions":17,"deletions":3},"md":{"insertions":0,"deletions":7},"py":{"insertions":82,"deletions":53}}},{"hash":"39a3c548f953ee84b4451a419d98efd2802abb94","isMergeCommit":false,"messageTitle":"Reformat syntax doc","messageBody":"","tags":["v0.2"],"fileTypesAndContributionMap":{"md":{"insertions":39,"deletions":39}}}]},{"date":"2025-01-11","commitResults":[{"hash":"187c99eea941ccfa6435c80a1a4334a2207eae57","isMergeCommit":false,"messageTitle":"Beautify syntax file","messageBody":"","fileTypesAndContributionMap":{"md":{"insertions":2,"deletions":2}}}]}]},"authorFileTypeContributionMap":{"CYX22222003":{"gitignore":2,"md":43,"py":1442,"yml":1,"lox":78,"sh":17}},"authorContributionVariance":{"CYX22222003":11896.359},"authorDisplayNameMap":{"CYX22222003":"CYX22222003"}}
