{"authorDailyContributionsMap":{"CYX22222003":[{"date":"2024-05-16","commitResults":[{"hash":"7e7404f550e669173da9999cd3f8cc0a6d481891","isMergeCommit":false,"messageTitle":"Create azure-webapps-python.yml","messageBody":"","fileTypesAndContributionMap":{"yml":{"insertions":90,"deletions":0}}},{"hash":"0e3fc417015a297becf45eb785ced18cce1416f2","isMergeCommit":false,"messageTitle":"Update azure-webapps-python.yml","messageBody":"","fileTypesAndContributionMap":{"yml":{"insertions":2,"deletions":2}}},{"hash":"baffcde2d70c4dffe65f099cc59ad85533c97b3f","isMergeCommit":false,"messageTitle":"Update azure-webapps-python.yml","messageBody":"","fileTypesAndContributionMap":{"yml":{"insertions":1,"deletions":1}}},{"hash":"5aaf532ec0dfece5b4010b21585418ce311becf0","isMergeCommit":false,"messageTitle":"Create README.md","messageBody":"","fileTypesAndContributionMap":{"md":{"insertions":1,"deletions":0}}}]},{"date":"2024-05-17","commitResults":[{"hash":"183ed4052855425b3593e5aab1bb7a80b1141c83","isMergeCommit":false,"messageTitle":"Update azure-webapps-python.yml","messageBody":"update the use of working directory","fileTypesAndContributionMap":{"yml":{"insertions":3,"deletions":4}}},{"hash":"d717953b45a4d74fe9f6b1d8ff597f80994daecc","isMergeCommit":false,"messageTitle":"Update azure-webapps-python.yml","messageBody":"add a path filter for backend actions","fileTypesAndContributionMap":{"yml":{"insertions":1,"deletions":0}}},{"hash":"233e47e07a7721affc9c6534fa7ef8b018c3b017","isMergeCommit":false,"messageTitle":"Create vercel_build_and_deploy.yml","messageBody":"configure actions for deployment on vercel","fileTypesAndContributionMap":{"yml":{"insertions":31,"deletions":0}}},{"hash":"8a5c7b9a7068e6a4dc92104f9491f9345f99960d","isMergeCommit":false,"messageTitle":"Update vercel_build_and_deploy.yml","messageBody":"correct syntax error in path filter","fileTypesAndContributionMap":{"yml":{"insertions":1,"deletions":1}}},{"hash":"0bee4470065e8bfbc00379402551e2f08796bfe5","isMergeCommit":false,"messageTitle":"Update vercel_build_and_deploy.yml","messageBody":"minor syntax error","fileTypesAndContributionMap":{"yml":{"insertions":1,"deletions":1}}}]},{"date":"2024-05-19","commitResults":[{"hash":"a750c07cf0bfadf6ffc7bac903b9c7deb9b4bcc3","isMergeCommit":false,"messageTitle":"Update azure-webapps-python.yml","messageBody":"correct syntax erro","fileTypesAndContributionMap":{"yml":{"insertions":1,"deletions":1}}}]},{"date":"2024-05-29","commitResults":[{"hash":"a67a5413facce1fbc249c179850b02065aa44403","isMergeCommit":false,"messageTitle":"Update README.md","messageBody":"- addressing issue #4 update Readme.md\r\n- Include main features and system design","fileTypesAndContributionMap":{"md":{"insertions":175,"deletions":0}}}]},{"date":"2024-05-30","commitResults":[{"hash":"7bec03698103ee1c491dc2c21f4ff5fcf61aec45","isMergeCommit":false,"messageTitle":"Create user Login and SignUp feature (#8)","messageBody":"* Update Login_and_Signup folder\r\n- create new Login and Logout function\r\n- refactor SignUp function\r\n\r\n* Update React frontend\r\n- refactor the code of sign-up and login features\r\n- move all utility functions under the utils file\r\n\r\n* Update React frontend\r\n- Add functions for cache manager\r\n- Refactor the method calls in App.tsx\r\n- Refactor the test cases\r\n- Note: the ts-jest needs to be correctly configured for future unit tests\r\n\r\n* Update React frontend\r\n- update the interatcion of APITest\r\n\r\n* Update React frontend\r\n- save changes before merging the remote repo\r\n\r\n* Update React frontend\r\n- create context variable to check login status\r\n- install packages for hashing password sent to backend server\r\n\r\n* Update React frontend\r\n- hash password sent to the backend for safely reason\r\n- include libraries for hashing password\r\n\r\n* Refactor React frontend\r\n- Run format command to format the codes\r\n- Add documentation for utility functions\r\n- Run lint command\r\n\r\n* Update React frontend\r\n- clear logic error in rerendering of login and signup page\r\n- redesign welcome page\r\n- install dependencies for Azure cloud storage\r\n\r\n* Update React frontend\r\n- create objects for miscellaneous components\r\n- install libraries for file uploading to Azure cloud storage\r\n- implement utility functions to handle file upload to the test cloud storage\r\n\r\n* Update React frontend\r\n- add MUI free templates\r\n- configure the templates for Log in and Sign Up page\r\n\r\n---------\r\n\r\nCo-authored-by: guest1@CHENYIXUN \u003cyou@example.com\u003e","fileTypesAndContributionMap":{"txt":{"insertions":1,"deletions":0},"tsx":{"insertions":653,"deletions":274},"json":{"insertions":678,"deletions":52},"ts":{"insertions":178,"deletions":0}}}]},{"date":"2024-05-31","commitResults":[{"hash":"1e55c6ed906eb0cf59af20e4d3fe5ebb615e9428","isMergeCommit":false,"messageTitle":"Update README.md","messageBody":"","fileTypesAndContributionMap":{"md":{"insertions":9,"deletions":2}}},{"hash":"2ee7d30cfbe53c59102269fbf5a873bebd4cf226","isMergeCommit":false,"messageTitle":"Update README.md","messageBody":"- add images for system design","fileTypesAndContributionMap":{"md":{"insertions":4,"deletions":0}}}]},{"date":"2024-06-02","commitResults":[{"hash":"9466af4121fefff7a3aad4b382b0accb22c5d574","isMergeCommit":false,"messageTitle":"Update README.md","messageBody":"Update current stage of development","fileTypesAndContributionMap":{"md":{"insertions":7,"deletions":2}}}]},{"date":"2024-06-04","commitResults":[{"hash":"9fb9b3a92f5403577c46ca0cb4ffe7c4f25b18a3","isMergeCommit":false,"messageTitle":"Update SignUp.tsx","messageBody":"- small bug fixing","fileTypesAndContributionMap":{"tsx":{"insertions":1,"deletions":3}}}]},{"date":"2024-06-05","commitResults":[{"hash":"9b06a9480efa33a9f63dff2803a78dc356efcef0","isMergeCommit":false,"messageTitle":"Create pull_request_template.md","messageBody":"","fileTypesAndContributionMap":{"md":{"insertions":21,"deletions":0}}},{"hash":"1c9094c88864c9c9afe9f5126172c16a6db10070","isMergeCommit":false,"messageTitle":"Delete .github/workflows/pull_request_template.md","messageBody":"","fileTypesAndContributionMap":{"md":{"insertions":0,"deletions":21}}}]},{"date":"2024-06-07","commitResults":[{"hash":"28a9e698f8c45cfb96c9ed51b2615579ad27da8e","isMergeCommit":false,"messageTitle":"Create pylint.yml","messageBody":"Testing PR before merging","fileTypesAndContributionMap":{"yml":{"insertions":30,"deletions":0}}},{"hash":"e63041d51616353304e1a9933a77d1d5c8973fab","isMergeCommit":false,"messageTitle":"Update pylint.yml","messageBody":"small debugging","fileTypesAndContributionMap":{"yml":{"insertions":1,"deletions":7}}}]},{"date":"2024-06-13","commitResults":[{"hash":"04b6572eadd063ab3343f94252f1603901cd9a59","isMergeCommit":false,"messageTitle":"Implement patients management, sessions management and GenAI interaction features (#12)","messageBody":"* Create branch for patient management\r\n\r\n* Update React frontend\r\n- Keep developing file upload feature\r\n- Set up basic rules for uploading files to the backend\r\n\r\n* Update README.md (#13)\r\n\r\n* Update Flask backend\r\n- attempt to implement simple session and patient management functions\r\n\r\n* Update Flask backend\r\n- configure backend API for session and patient management\r\n- add routes for CRUD jobs\r\n\r\n* Update Flask backend\r\n- finish backend API to enable basic CRUD funcitons for patients and sessions management\r\n- configure pylint for format testing\r\n- configure local environment for testing\r\n\r\n* Update React frontend for local testing\r\n\r\n* Update github actions for backend test\r\n\r\n* Update github actions\r\n\r\n* Correct bugs in actions yml\r\n\r\n* Reformat code\r\n\r\n* Update React frontend and github actions\r\n- create draft design to create a new patient data\r\n- add github actions to perform frontend tests on PR\r\n\r\n* Update frontend\r\n- create patient management feature\r\n- create draft work for session management feature\r\n\r\n* Update React frontend and flask backend\r\n- create session creation feature\r\n- enable users to upload BLOB files to Azure cloud storage\r\n\r\n* Update React frontend\r\n- implement sessions file list for each patients\r\n- refactor frontend patient and session management code\r\n\r\n* Update backend\r\n- use black to beautify code\r\n- create filemanager\r\n\r\n* Update flask backend\r\n- set up file manager to download and process files from the Azure cloud storage\r\n- set up GenAI manager to perform summarization and text analysis task\r\n\r\n* Reformat backend code\r\n\r\n* Update Flask backend\r\n- correct formatting errors\r\n- ensure unit test cases are passed\r\n\r\n* Update React frontend and flask backend\r\n- create simple AI action call feature\r\n- implement simple display of AI message\r\n\r\n* Update vercel ignore file\r\n\r\n* Update React frontend and flask backend\r\n- create prelimnary version of AI message display\r\n- create simple AI summarization feature.\r\n\r\n* Update Flask backend test\r\n\r\n* Update Flask backend unittest\r\n- the test method needs to access environment variable.\r\n\r\n* Update Flask backend to pass unit test\r\n\r\n---------\r\n\r\nCo-authored-by: guest1@CHENYIXUN \u003cyou@example.com\u003e\r\nCo-authored-by: Golddirio \u003c142647056+Golddirio@users.noreply.github.com\u003e","fileTypesAndContributionMap":{"pylintrc":{"insertions":652,"deletions":0},"txt":{"insertions":52,"deletions":1},"vercelignore":{"insertions":1,"deletions":0},"md":{"insertions":1,"deletions":0},"tsx":{"insertions":986,"deletions":65},"yml":{"insertions":31,"deletions":3},"py":{"insertions":59363,"deletions":22491},"json":{"insertions":1,"deletions":0},"ts":{"insertions":54,"deletions":8}}}]},{"date":"2024-06-17","commitResults":[{"hash":"549a086bc453db8b8341e666f72b729579d8370f","isMergeCommit":false,"messageTitle":"Update .gitignore","messageBody":"","fileTypesAndContributionMap":{"gitignore":{"insertions":2,"deletions":0}}},{"hash":"804d227189bd1a899dd611e72a8824bd4acfe276","isMergeCommit":false,"messageTitle":"Delete app_flask/.virt directory","messageBody":"delete redundant .virt","fileTypesAndContributionMap":{"lib64":{"insertions":0,"deletions":1},"python":{"insertions":0,"deletions":1},"tmpl":{"insertions":0,"deletions":9},"pth":{"insertions":0,"deletions":1},"cfg":{"insertions":0,"deletions":8},"pip3":{"insertions":0,"deletions":8},"RECORD":{"insertions":0,"deletions":1415},"py":{"insertions":0,"deletions":240249},"ps1":{"insertions":0,"deletions":247},"python3":{"insertions":0,"deletions":1},"WHEEL":{"insertions":0,"deletions":10},"txt":{"insertions":0,"deletions":111},"typed":{"insertions":0,"deletions":4},"pip":{"insertions":0,"deletions":8},"xml":{"insertions":0,"deletions":15},"fish":{"insertions":0,"deletions":100},"activate":{"insertions":0,"deletions":83},"csh":{"insertions":0,"deletions":55},"pem":{"insertions":0,"deletions":4362},"INSTALLER":{"insertions":0,"deletions":2},"METADATA":{"insertions":0,"deletions":216},"LICENSE":{"insertions":0,"deletions":19},"10":{"insertions":0,"deletions":9}}}]},{"date":"2024-06-21","commitResults":[{"hash":"af873ecf1ec22b6bab1612d00a49a925a2b788ca","isMergeCommit":false,"messageTitle":"Implement the interaction between user and GenAI API (#21)","messageBody":"* Update React frontend and flask backend\r\n- create basic downloads function\r\n\r\n* Correct lint warnings\r\n\r\n* Update React frontend\r\n- enable users to key in self-designed prompt\r\n- display AI summary\r\n\r\n* Correct Linting errors\r\n\r\n* Modify minor errors in frontend\r\n\r\n* Update Flask backend and React frontend\r\n- frontend:\r\n   -- create validator functions for password and username\r\n   -- create unit tests for validator\r\n   -- change formats of utility methods so that it is easy for unit test\r\n- backend:\r\n   -- import libraries to handle Markdown response from GenAI\r\n\r\n* Update React frontend\r\n- to pass CI checking\r\n\r\n* Update frontend\r\n- add calendar element\r\n- create simple toast element\r\n\r\n* Update React frontend\r\n- enable users to download AI response\r\n\r\n* Final Update on both frontend and backend","fileTypesAndContributionMap":{"txt":{"insertions":81,"deletions":0},"md":{"insertions":2,"deletions":0},"tsx":{"insertions":252,"deletions":132},"py":{"insertions":3,"deletions":2},"json":{"insertions":103,"deletions":194},"js":{"insertions":67,"deletions":0},"ts":{"insertions":131,"deletions":4}}}]},{"date":"2024-06-26","commitResults":[{"hash":"ab8bb705dfa54aee3b38b539d5815aaddca72d3e","isMergeCommit":false,"messageTitle":"Create editor feature and file deletion (#26)","messageBody":"* Update frontend for editor feature\r\n\r\n* Update backend\r\n\r\n* Add methods to delete files\r\n\r\n* Debug backend code\r\n\r\n* Ret-trigger backend test\r\n\r\n* Update pylint configuration\r\n\r\n* Update frontend\r\n- fix small bugs of delete function\r\n\r\n* Update frontend and backend\r\n- refine text editor\r\n\r\n* Update frontend and backend codebase to implement text editor\r\n\r\n* Update React frontend and flask backend\r\n- finish implementing the editor function\r\n- change the layout of AI message display\r\n\r\n* Update frontend for small tests\r\n\r\n* Update frontend and backend\r\n- enable patient and session deletion function\r\n\r\n* Update backend\r\n- add unit tests for backend\r\n\r\n* Update github actions to enable new backend tests\r\n\r\n* Update backend to correct linting error\r\n\r\n* Update backend to correct linting error2\r\n\r\n* Attempt to pass linting error 3\r\n\r\n* Add unit tests\r\n\r\n* Attempt to correct frontend linting error\r\n\r\n---------\r\n\r\nCo-authored-by: guest1@CHENYIXUN \u003cyou@example.com\u003e","fileTypesAndContributionMap":{"md":{"insertions":1,"deletions":1},"tsx":{"insertions":635,"deletions":70},"yml":{"insertions":7,"deletions":1},"py":{"insertions":34,"deletions":24},"js":{"insertions":305,"deletions":1},"json":{"insertions":1887,"deletions":261},"ts":{"insertions":113,"deletions":4}}}]},{"date":"2024-06-27","commitResults":[{"hash":"a0bfeb13c1d8aebb980a28c0fddd7d72a11f88d7","isMergeCommit":false,"messageTitle":"Update Login.tsx","messageBody":"","fileTypesAndContributionMap":{"tsx":{"insertions":1,"deletions":1}}},{"hash":"4eb1fc08d9bd0c978d6aca233a1752c859302013","isMergeCommit":false,"messageTitle":"Update SignUp.tsx","messageBody":"","fileTypesAndContributionMap":{"tsx":{"insertions":4,"deletions":0}}},{"hash":"708da0b16734582a6633c4f1410fca84af41db77","isMergeCommit":false,"messageTitle":"Update SignUp.tsx","messageBody":"","fileTypesAndContributionMap":{"tsx":{"insertions":1,"deletions":1}}}]},{"date":"2024-06-29","commitResults":[{"hash":"c7c05bcfef496b3cdabe2a5f1c0de66c46044af5","isMergeCommit":false,"messageTitle":"Update models.py","messageBody":"- correct bugs in backend orm","fileTypesAndContributionMap":{"py":{"insertions":1,"deletions":1}}}]},{"date":"2024-07-01","commitResults":[{"hash":"d07699cf4f02e7a1974861897359098dd00d27c6","isMergeCommit":false,"messageTitle":"Update application.py","messageBody":"","fileTypesAndContributionMap":{"py":{"insertions":1,"deletions":1}}}]},{"date":"2024-07-08","commitResults":[{"hash":"6abfb6dc5767d1649e726520106db6bf775ef5b7","isMergeCommit":false,"messageTitle":"Add unit test cases for frontend and backend (#33)","messageBody":"* Update backend\r\n\r\n* Update frontend unit test\r\n\r\n* Update frontend for unit testing\r\n\r\n* Update to correct linting errors\r\n\r\n* Update unit test\r\n\r\n* Correct simple errors\r\n\r\n* Add unit test cases for frontend\r\n\r\n* Add unit test cases for utility functions\r\n\r\n* Add more unit tests for frontend\r\n\r\n* Add backend unittest reports\r\n\r\n* Update frontend unittest\r\n- finish test cases design\r\n\r\n* Small modification\r\n\r\n* Add frontend test cases\r\n\r\n* Add backend unittests and correct frontend linting error\r\n\r\n* Add backend unittest\r\n\r\n---------\r\n\r\nCo-authored-by: guest1@CHENYIXUN \u003cyou@example.com\u003e","fileTypesAndContributionMap":{"txt":{"insertions":2,"deletions":0},"tsx":{"insertions":123,"deletions":92},"py":{"insertions":108,"deletions":4},"js":{"insertions":26,"deletions":374},"json":{"insertions":782,"deletions":89},"html":{"insertions":408,"deletions":0},"ts":{"insertions":622,"deletions":12}}}]},{"date":"2024-07-10","commitResults":[{"hash":"e7549039aea507526f669562eb25fc16c64d107d","isMergeCommit":false,"messageTitle":"First Implementation of document previewer (#40)","messageBody":"* First Implementation of document previewer\r\n\r\n* Final update for session file list\r\n\r\n* Handling special characters in document preview\r\n\r\n---------\r\n\r\nCo-authored-by: guest1@CHENYIXUN \u003cyou@example.com\u003e","fileTypesAndContributionMap":{"tsx":{"insertions":89,"deletions":0},"json":{"insertions":861,"deletions":3},"ts":{"insertions":31,"deletions":0}}}]},{"date":"2024-07-11","commitResults":[{"hash":"01d8dafe7f81dee41d8ab9b937f04167a9c826cd","isMergeCommit":false,"messageTitle":"Thematic analysis feature (#41)","messageBody":"* Update Frontend to add thematic AI analysis\r\n\r\n* Refactor frontend code\r\n\r\n---------\r\n\r\nCo-authored-by: guest1@CHENYIXUN \u003cyou@example.com\u003e","fileTypesAndContributionMap":{"tsx":{"insertions":239,"deletions":131},"html":{"insertions":1,"deletions":1}}}]},{"date":"2024-07-15","commitResults":[{"hash":"99969c3cea4de59b059471e0c88075fe778353cf","isMergeCommit":false,"messageTitle":"First Initialization of transcription service (#42)","messageBody":"Co-authored-by: Chen Yixun \u003cguest1@CHENYIXUN\u003e","fileTypesAndContributionMap":{"Dockerfile":{"insertions":15,"deletions":0},"txt":{"insertions":44,"deletions":0},"gitignore":{"insertions":7,"deletions":1},"py":{"insertions":56,"deletions":0}}},{"hash":"ea6890693f61a9cbff63522fcb07ba7faa2556b5","isMergeCommit":false,"messageTitle":"Create azure-webapps-python2.yml","messageBody":"Add CI/CD pipelines for Meeting Transcription microservices","fileTypesAndContributionMap":{"yml":{"insertions":91,"deletions":0}}},{"hash":"daef16d416d08f351a8fe43785ebc3e79d4036ec","isMergeCommit":false,"messageTitle":"Update azure-webapps-python2.yml (#43)","messageBody":"","fileTypesAndContributionMap":{"yml":{"insertions":1,"deletions":1}}},{"hash":"2a2d6018a90961cf68a48102250a5e37d1cdbea1","isMergeCommit":false,"messageTitle":"Update README.md","messageBody":"","fileTypesAndContributionMap":{"md":{"insertions":3,"deletions":0}}},{"hash":"ea3e634d4edc33eaf4f2097b32cced04bdc779db","isMergeCommit":false,"messageTitle":"Update app.py","messageBody":"","fileTypesAndContributionMap":{"py":{"insertions":5,"deletions":1}}},{"hash":"a0a0226e9b0458165f177c4329b71aabdbbbc6e4","isMergeCommit":false,"messageTitle":"Update app.py","messageBody":"","fileTypesAndContributionMap":{"py":{"insertions":3,"deletions":3}}},{"hash":"5339a67c1c7fdd089ff82f751777a541b8bb6727","isMergeCommit":false,"messageTitle":"Update app.py","messageBody":"","fileTypesAndContributionMap":{"py":{"insertions":1,"deletions":0}}},{"hash":"abaa9974ca72f6e0e962b25e31588056add78696","isMergeCommit":false,"messageTitle":"Update azure-webapps-python2.yml","messageBody":"","fileTypesAndContributionMap":{"yml":{"insertions":1,"deletions":1}}},{"hash":"157b89b1c987da215ac71d37d1ee92f932c9e21b","isMergeCommit":false,"messageTitle":"Update README.md","messageBody":"","fileTypesAndContributionMap":{"md":{"insertions":3,"deletions":1}}},{"hash":"c64705bd5d0f4fff3caf438ee3770231870012cf","isMergeCommit":false,"messageTitle":"Update azure-webapps-python2.yml","messageBody":"","fileTypesAndContributionMap":{"yml":{"insertions":5,"deletions":0}}},{"hash":"e80bde7548d301feed43a27d64f3fd83fe79127e","isMergeCommit":false,"messageTitle":"Trigger github actions","messageBody":"","fileTypesAndContributionMap":{"md":{"insertions":1,"deletions":1}}},{"hash":"db023621b180dba4677d2430ac3c6f1711ed5459","isMergeCommit":false,"messageTitle":"Update azure-webapps-python2.yml","messageBody":"","fileTypesAndContributionMap":{"yml":{"insertions":0,"deletions":5}}},{"hash":"03ac59d6b8e53077044e027a8c0559cb187b106e","isMergeCommit":false,"messageTitle":"Update requirements.txt","messageBody":"","fileTypesAndContributionMap":{"txt":{"insertions":1,"deletions":1}}},{"hash":"af1c690fc5cbe66ded5927501d9df6df22ba1b92","isMergeCommit":false,"messageTitle":"Update requirements.txt","messageBody":"","fileTypesAndContributionMap":{"txt":{"insertions":1,"deletions":1}}},{"hash":"579d0ba84d5f313770345fadbd7561b3ddb7aa8c","isMergeCommit":false,"messageTitle":"Update requirements.txt","messageBody":"","fileTypesAndContributionMap":{"txt":{"insertions":2,"deletions":1}}},{"hash":"2625d3823d897262cce58de8e54373cf225bb1cf","isMergeCommit":false,"messageTitle":"Update azure-webapps-python2.yml","messageBody":"","fileTypesAndContributionMap":{"yml":{"insertions":1,"deletions":1}}},{"hash":"65fd685a5bee3c5efe41f253e2dabbdaf997c84a","isMergeCommit":false,"messageTitle":"Update README.md","messageBody":"","fileTypesAndContributionMap":{"md":{"insertions":1,"deletions":1}}},{"hash":"b056e346767cdecb7bd4600a993722009b65bb6c","isMergeCommit":false,"messageTitle":"Update app.py","messageBody":"Remove unnecessary part","fileTypesAndContributionMap":{"py":{"insertions":1,"deletions":2}}},{"hash":"5028da004ab6cb2c99a5eac6920c99afeb04a023","isMergeCommit":false,"messageTitle":"Update app.py","messageBody":"","fileTypesAndContributionMap":{"py":{"insertions":1,"deletions":0}}}]},{"date":"2024-07-16","commitResults":[{"hash":"e8ffcd918d4aa44e26119c5302b3462c49dc3273","isMergeCommit":false,"messageTitle":"Update README.md","messageBody":"","fileTypesAndContributionMap":{"md":{"insertions":2,"deletions":0}}}]},{"date":"2024-07-18","commitResults":[{"hash":"fa154b6060a10e25b63c783382190d98a9ef8197","isMergeCommit":false,"messageTitle":"Delete .github/workflows/azure-webapps-python2.yml","messageBody":"","fileTypesAndContributionMap":{"yml":{"insertions":0,"deletions":91}}},{"hash":"ef8a8c9eab1ae732d491e4eadd9059ecd28db5b3","isMergeCommit":false,"messageTitle":"Create image_push_acr.yml","messageBody":"Add workflow to deploy meeting transcription","fileTypesAndContributionMap":{"yml":{"insertions":34,"deletions":0}}},{"hash":"11696ce189b35ae1200745c351e4f2b9784bceb0","isMergeCommit":false,"messageTitle":"Test CD for meeting transcription","messageBody":"","fileTypesAndContributionMap":{"md":{"insertions":1,"deletions":1}}},{"hash":"b14aea44ca219be7e191a9de93030ec2f08d7826","isMergeCommit":false,"messageTitle":"Update image_push_acr.yml","messageBody":"","fileTypesAndContributionMap":{"yml":{"insertions":1,"deletions":1}}},{"hash":"64a178146348b3f27f5c832d7169d5ccfe6fc0de","isMergeCommit":false,"messageTitle":"Update README.md","messageBody":"","fileTypesAndContributionMap":{"md":{"insertions":1,"deletions":1}}},{"hash":"edbcdd3fa45a16b37ab1ccf37534db409b91ed89","isMergeCommit":false,"messageTitle":"Update image_push_acr.yml","messageBody":"","fileTypesAndContributionMap":{"yml":{"insertions":1,"deletions":1}}},{"hash":"45bf0fbafa6cf120c318e856c323ad1c6cfe9558","isMergeCommit":false,"messageTitle":"Update README.md","messageBody":"","fileTypesAndContributionMap":{"md":{"insertions":1,"deletions":1}}}]},{"date":"2024-07-20","commitResults":[{"hash":"41b6f527f17ae9902323c1b1eda68f709c104a86","isMergeCommit":false,"messageTitle":"Meeting transcription frontend (#46)","messageBody":"* Create Frontend for file upload\r\n\r\n* Update frontend for meeting transcription\r\n\r\n---------\r\n\r\nCo-authored-by: CHENYIXUN \u003cguest1@CHENYIXUN\u003e","fileTypesAndContributionMap":{"tsx":{"insertions":170,"deletions":7},"ts":{"insertions":9,"deletions":0}}}]},{"date":"2024-07-26","commitResults":[{"hash":"252ca88d8a5bbbadc66d696fea2f212d522f113a","isMergeCommit":false,"messageTitle":"Multiple document analysis (#47)","messageBody":"* First update of this branch\r\n\r\n* Correct linting error\r\n\r\n* Multiple file handler: load and clean documents\r\n\r\n* Clear linting error\r\n\r\n* Update config\r\n\r\n* Add multiple documents compilation\r\n\r\n* Correct linting errors\r\n\r\n* Implement backend for multiple document analysis\r\n\r\n* Update file_list_manager\r\n\r\n* Update pylint config\r\n\r\n* Correct linting error\r\n\r\n* Complete frontend and backend for multiple document analysis\r\n\r\n* Update frontend to enable downloading of document\r\n\r\n* Add test for genai manager\r\n\r\n* Correct test errors\r\n\r\n* Correct warnings\r\n\r\n* Correct linting errors\r\n\r\n---------\r\n\r\nCo-authored-by: CHENYIXUN \u003cguest1@CHENYIXUN\u003e","fileTypesAndContributionMap":{"pylintrc":{"insertions":3,"deletions":1},"txt":{"insertions":8,"deletions":0},"gitignore":{"insertions":4,"deletions":2},"md":{"insertions":1,"deletions":0},"tsx":{"insertions":237,"deletions":3},"py":{"insertions":207,"deletions":2},"ts":{"insertions":19,"deletions":0}}},{"hash":"b66a13b73be4024218ceb299b36625aa6e79dd28","isMergeCommit":false,"messageTitle":"Update README.md","messageBody":"","fileTypesAndContributionMap":{"md":{"insertions":1,"deletions":1}}}]},{"date":"2024-07-27","commitResults":[{"hash":"1315ec4db73b0fe9c7e9bb66994280d933bec33a","isMergeCommit":false,"messageTitle":"Debug search session feature 2","messageBody":"","fileTypesAndContributionMap":{"tsx":{"insertions":1,"deletions":1}}}]},{"date":"2024-08-10","commitResults":[{"hash":"08c7744fbcc29b622b982ec1fda5a61bdea1e346","isMergeCommit":false,"messageTitle":"improve UIUX of the web application (#49)","messageBody":"* Update WelcomeHelp.tsx\r\n\r\n* Update SessionFileList.tsx\r\n\r\n* Update Welcome.tsx\r\n\r\n* Update EditorPrompt.tsx\r\n\r\n* Update EditorElement.tsx\r\n\r\n* Update AudioUploadForm.tsx\r\n\r\n* Update MeetingTranscriptionDisplay.tsx\r\n\r\n* Update SelectPatient.tsx\r\n\r\n* Update SelectPrompt.tsx\r\n\r\n* Update DisplayAnalysis.tsx\r\n\r\n* Update PatientCreationForm.tsx\r\n\r\n* Update PatientCreationForm.tsx\r\n\r\n* Update SessionCreationForm.tsx\r\n\r\n* Update SessionCreationForm.tsx\r\n\r\n* Update WelcomeHelp.tsx\r\n\r\n* Update WelcomeHelp.tsx\r\n\r\n* Update Navbar.tsx\r\n\r\nAdd home option for the convenience of log out\r\n\r\n* Update PatientManagementMain.tsx\r\n\r\n* Update SessionManagementMain.tsx\r\n\r\n---------\r\n\r\nCo-authored-by: Golddirio \u003c142647056+Golddirio@users.noreply.github.com\u003e","fileTypesAndContributionMap":{"tsx":{"insertions":161,"deletions":80}}},{"hash":"958fd87b73b3e0948379672cc0f4dacc43970a58","isMergeCommit":false,"messageTitle":"Update Login.tsx","messageBody":"- update forgot password link to register","fileTypesAndContributionMap":{"tsx":{"insertions":1,"deletions":1}}},{"hash":"ef3adedcc67c1acb8382ee95b2328a2073fa106e","isMergeCommit":false,"messageTitle":"Update Background.tsx","messageBody":"- remove secondary list\r\n- may add this part back in the future","fileTypesAndContributionMap":{"tsx":{"insertions":2,"deletions":2}}}]}]},"authorFileTypeContributionMap":{"CYX22222003":{"yml":214,"gitignore":10,"md":197,"pylintrc":654,"py":804,"txt":175,"html":407,"vercelignore":1,"js":26,"json":4296,"tsx":2728,"ts":1224,"Dockerfile":14}},"authorContributionVariance":{"CYX22222003":3.02611712E8},"authorDisplayNameMap":{"CYX22222003":"CYX22222003"}}
