{"authorDailyContributionsMap":{"Golddirio":[{"date":"2024-06-05","commitResults":[{"hash":"c98eb9a480d73b1c21f814239c14e4f148484a3a","isMergeCommit":false,"messageTitle":"Update README.md (#14)","messageBody":"","fileTypesAndContributionMap":{"md":{"insertions":2,"deletions":0}}}]},{"date":"2024-06-25","commitResults":[{"hash":"040eb217c63bbbfc43ed1796c7c6715b5a12d883","isMergeCommit":false,"messageTitle":"Handle Naming convention exception (#27)","messageBody":"* Update SignUp.tsx\r\n\r\ndeal with the exception of the name convention\r\n\r\n* Update .pylintrc\r\n\r\n---------","fileTypesAndContributionMap":{"pylintrc":{"insertions":2,"deletions":1},"tsx":{"insertions":27,"deletions":3}}}]},{"date":"2024-06-26","commitResults":[{"hash":"8a29da775014f5c90882d3ae0767be55636ecf98","isMergeCommit":false,"messageTitle":"Handle empty inputs (#29)","messageBody":"* Update SignUp.tsx\r\n\r\ndeal with the exception of the name convention\r\n\r\n* Update .pylintrc\r\n\r\n* Update Login.tsx\r\n\r\ndisable the sign in button whenever either the field is empty\r\n\r\n* Update SignUp.tsx\r\n\r\nDisable the sign up button whenever either of the field is empty\r\n\r\n---------","fileTypesAndContributionMap":{"tsx":{"insertions":84,"deletions":18}}}]},{"date":"2024-06-27","commitResults":[{"hash":"b06003766bf4c8158f0bbcf668bfdd80ac2bca95","isMergeCommit":false,"messageTitle":"Use SnackBar with alert for error message prompts (#32)","messageBody":"* Update SignUp.tsx\r\n\r\ndeal with the exception of the name convention\r\n\r\n* Update .pylintrc\r\n\r\n* Update Login.tsx\r\n\r\ndisable the sign in button whenever either the field is empty\r\n\r\n* Update SignUp.tsx\r\n\r\nDisable the sign up button whenever either of the field is empty\r\n\r\n* Update SignUp.tsx\r\n\r\n- Use snackbar with alert instead of warning\r\n\r\n* Update Login.tsx\r\n\r\n- use snackbar when failing to log in\r\n\r\n---------","fileTypesAndContributionMap":{"tsx":{"insertions":78,"deletions":56}}}]},{"date":"2024-07-26","commitResults":[{"hash":"780211caabec45db7558df01b1250e902c316bc0","isMergeCommit":false,"messageTitle":"User profile management (#44)","messageBody":"* Add files via upload\r\n\r\n* Update WelcomeHelp.tsx\r\n\r\n* Update application.py\r\n\r\n* Update application.py\r\n\r\n* Update APIInteractionManager.ts\r\n\r\n* Update UpdateProfile.tsx\r\n\r\n* Update UpdateProfile.tsx\r\n\r\n* Update UpdateProfile.tsx\r\n\r\n* Update UpdateProfile.tsx\r\n\r\n* Update UpdateProfile.tsx\r\n\r\n* Update application.py\r\n\r\n* Update UpdateProfile.tsx\r\n\r\n* Update application.py\r\n\r\n* Update application.py\r\n\r\n* Update SignUp.tsx\r\n\r\nadd the passwordValidator to signup page\r\n\r\n* Update WelcomeHelp.tsx\r\n\r\n* Update UpdateProfile.tsx\r\n\r\n* Update App.tsx\r\n\r\n* Update Navbar.tsx\r\n\r\n* Update App.tsx\r\n\r\n* Update Navbar.tsx\r\n\r\ncorrect navbar error\r\n\r\n* Update UpdateProfile.tsx\r\n\r\nremove undefined methods\r\n\r\n* Correct Linting error\r\n\r\n---------\r\n\r\nCo-authored-by: CHEN YIXUN \u003c138369841+CYX22222003@users.noreply.github.com\u003e\r\nCo-authored-by: CHENYIXUN \u003cguest1@CHENYIXUN\u003e","fileTypesAndContributionMap":{"tsx":{"insertions":269,"deletions":7},"py":{"insertions":12,"deletions":5},"ts":{"insertions":3,"deletions":3}}}]},{"date":"2024-07-27","commitResults":[{"hash":"b8550f7249448826cc90988480c6d3a6be293616","isMergeCommit":false,"messageTitle":"Update PatientList.tsx (#48)","messageBody":"* Update PatientList.tsx\r\n\r\n* Include Filter feature\r\n\r\n---------\r\n\r\nCo-authored-by: CHENYIXUN \u003cguest1@CHENYIXUN\u003e","fileTypesAndContributionMap":{"tsx":{"insertions":278,"deletions":255}}}]}],"CHEN YIXUN":[{"date":"2024-05-16","commitResults":[{"hash":"7e7404f550e669173da9999cd3f8cc0a6d481891","isMergeCommit":false,"messageTitle":"Create azure-webapps-python.yml","messageBody":"","fileTypesAndContributionMap":{"yml":{"insertions":90,"deletions":0}}},{"hash":"0e3fc417015a297becf45eb785ced18cce1416f2","isMergeCommit":false,"messageTitle":"Update azure-webapps-python.yml","messageBody":"","fileTypesAndContributionMap":{"yml":{"insertions":2,"deletions":2}}},{"hash":"baffcde2d70c4dffe65f099cc59ad85533c97b3f","isMergeCommit":false,"messageTitle":"Update azure-webapps-python.yml","messageBody":"","fileTypesAndContributionMap":{"yml":{"insertions":1,"deletions":1}}},{"hash":"5aaf532ec0dfece5b4010b21585418ce311becf0","isMergeCommit":false,"messageTitle":"Create README.md","messageBody":"","fileTypesAndContributionMap":{"md":{"insertions":1,"deletions":0}}}]},{"date":"2024-05-17","commitResults":[{"hash":"183ed4052855425b3593e5aab1bb7a80b1141c83","isMergeCommit":false,"messageTitle":"Update azure-webapps-python.yml","messageBody":"update the use of working directory","fileTypesAndContributionMap":{"yml":{"insertions":3,"deletions":4}}},{"hash":"d717953b45a4d74fe9f6b1d8ff597f80994daecc","isMergeCommit":false,"messageTitle":"Update azure-webapps-python.yml","messageBody":"add a path filter for backend actions","fileTypesAndContributionMap":{"yml":{"insertions":1,"deletions":0}}},{"hash":"233e47e07a7721affc9c6534fa7ef8b018c3b017","isMergeCommit":false,"messageTitle":"Create vercel_build_and_deploy.yml","messageBody":"configure actions for deployment on vercel","fileTypesAndContributionMap":{"yml":{"insertions":31,"deletions":0}}},{"hash":"8a5c7b9a7068e6a4dc92104f9491f9345f99960d","isMergeCommit":false,"messageTitle":"Update vercel_build_and_deploy.yml","messageBody":"correct syntax error in path filter","fileTypesAndContributionMap":{"yml":{"insertions":1,"deletions":1}}},{"hash":"0bee4470065e8bfbc00379402551e2f08796bfe5","isMergeCommit":false,"messageTitle":"Update vercel_build_and_deploy.yml","messageBody":"minor syntax error","fileTypesAndContributionMap":{"yml":{"insertions":1,"deletions":1}}}]},{"date":"2024-05-19","commitResults":[{"hash":"a750c07cf0bfadf6ffc7bac903b9c7deb9b4bcc3","isMergeCommit":false,"messageTitle":"Update azure-webapps-python.yml","messageBody":"correct syntax erro","fileTypesAndContributionMap":{"yml":{"insertions":1,"deletions":1}}}]},{"date":"2024-05-29","commitResults":[{"hash":"a67a5413facce1fbc249c179850b02065aa44403","isMergeCommit":false,"messageTitle":"Update README.md","messageBody":"- addressing issue #4 update Readme.md\r\n- Include main features and system design","fileTypesAndContributionMap":{"md":{"insertions":175,"deletions":0}}}]},{"date":"2024-05-30","commitResults":[{"hash":"7bec03698103ee1c491dc2c21f4ff5fcf61aec45","isMergeCommit":false,"messageTitle":"Create user Login and SignUp feature (#8)","messageBody":"* Update Login_and_Signup folder\r\n- create new Login and Logout function\r\n- refactor SignUp function\r\n\r\n* Update React frontend\r\n- refactor the code of sign-up and login features\r\n- move all utility functions under the utils file\r\n\r\n* Update React frontend\r\n- Add functions for cache manager\r\n- Refactor the method calls in App.tsx\r\n- Refactor the test cases\r\n- Note: the ts-jest needs to be correctly configured for future unit tests\r\n\r\n* Update React frontend\r\n- update the interatcion of APITest\r\n\r\n* Update React frontend\r\n- save changes before merging the remote repo\r\n\r\n* Update React frontend\r\n- create context variable to check login status\r\n- install packages for hashing password sent to backend server\r\n\r\n* Update React frontend\r\n- hash password sent to the backend for safely reason\r\n- include libraries for hashing password\r\n\r\n* Refactor React frontend\r\n- Run format command to format the codes\r\n- Add documentation for utility functions\r\n- Run lint command\r\n\r\n* Update React frontend\r\n- clear logic error in rerendering of login and signup page\r\n- redesign welcome page\r\n- install dependencies for Azure cloud storage\r\n\r\n* Update React frontend\r\n- create objects for miscellaneous components\r\n- install libraries for file uploading to Azure cloud storage\r\n- implement utility functions to handle file upload to the test cloud storage\r\n\r\n* Update React frontend\r\n- add MUI free templates\r\n- configure the templates for Log in and Sign Up page\r\n\r\n---------\r\n\r\nCo-authored-by: guest1@CHENYIXUN \u003cyou@example.com\u003e","fileTypesAndContributionMap":{"txt":{"insertions":1,"deletions":0},"tsx":{"insertions":653,"deletions":274},"json":{"insertions":678,"deletions":52},"ts":{"insertions":178,"deletions":0}}}]},{"date":"2024-05-31","commitResults":[{"hash":"1e55c6ed906eb0cf59af20e4d3fe5ebb615e9428","isMergeCommit":false,"messageTitle":"Update README.md","messageBody":"","fileTypesAndContributionMap":{"md":{"insertions":9,"deletions":2}}},{"hash":"2ee7d30cfbe53c59102269fbf5a873bebd4cf226","isMergeCommit":false,"messageTitle":"Update README.md","messageBody":"- add images for system design","fileTypesAndContributionMap":{"md":{"insertions":4,"deletions":0}}}]},{"date":"2024-06-02","commitResults":[{"hash":"9466af4121fefff7a3aad4b382b0accb22c5d574","isMergeCommit":false,"messageTitle":"Update README.md","messageBody":"Update current stage of development","fileTypesAndContributionMap":{"md":{"insertions":7,"deletions":2}}}]},{"date":"2024-06-04","commitResults":[{"hash":"9fb9b3a92f5403577c46ca0cb4ffe7c4f25b18a3","isMergeCommit":false,"messageTitle":"Update SignUp.tsx","messageBody":"- small bug fixing","fileTypesAndContributionMap":{"tsx":{"insertions":1,"deletions":3}}}]},{"date":"2024-06-05","commitResults":[{"hash":"9b06a9480efa33a9f63dff2803a78dc356efcef0","isMergeCommit":false,"messageTitle":"Create pull_request_template.md","messageBody":"","fileTypesAndContributionMap":{"md":{"insertions":21,"deletions":0}}},{"hash":"1c9094c88864c9c9afe9f5126172c16a6db10070","isMergeCommit":false,"messageTitle":"Delete .github/workflows/pull_request_template.md","messageBody":"","fileTypesAndContributionMap":{"md":{"insertions":0,"deletions":21}}}]},{"date":"2024-06-07","commitResults":[{"hash":"28a9e698f8c45cfb96c9ed51b2615579ad27da8e","isMergeCommit":false,"messageTitle":"Create pylint.yml","messageBody":"Testing PR before merging","fileTypesAndContributionMap":{"yml":{"insertions":30,"deletions":0}}},{"hash":"e63041d51616353304e1a9933a77d1d5c8973fab","isMergeCommit":false,"messageTitle":"Update pylint.yml","messageBody":"small debugging","fileTypesAndContributionMap":{"yml":{"insertions":1,"deletions":7}}}]},{"date":"2024-06-13","commitResults":[{"hash":"04b6572eadd063ab3343f94252f1603901cd9a59","isMergeCommit":false,"messageTitle":"Implement patients management, sessions management and GenAI interaction features (#12)","messageBody":"* Create branch for patient management\r\n\r\n* Update React frontend\r\n- Keep developing file upload feature\r\n- Set up basic rules for uploading files to the backend\r\n\r\n* Update README.md (#13)\r\n\r\n* Update Flask backend\r\n- attempt to implement simple session and patient management functions\r\n\r\n* Update Flask backend\r\n- configure backend API for session and patient management\r\n- add routes for CRUD jobs\r\n\r\n* Update Flask backend\r\n- finish backend API to enable basic CRUD funcitons for patients and sessions management\r\n- configure pylint for format testing\r\n- configure local environment for testing\r\n\r\n* Update React frontend for local testing\r\n\r\n* Update github actions for backend test\r\n\r\n* Update github actions\r\n\r\n* Correct bugs in actions yml\r\n\r\n* Reformat code\r\n\r\n* Update React frontend and github actions\r\n- create draft design to create a new patient data\r\n- add github actions to perform frontend tests on PR\r\n\r\n* Update frontend\r\n- create patient management feature\r\n- create draft work for session management feature\r\n\r\n* Update React frontend and flask backend\r\n- create session creation feature\r\n- enable users to upload BLOB files to Azure cloud storage\r\n\r\n* Update React frontend\r\n- implement sessions file list for each patients\r\n- refactor frontend patient and session management code\r\n\r\n* Update backend\r\n- use black to beautify code\r\n- create filemanager\r\n\r\n* Update flask backend\r\n- set up file manager to download and process files from the Azure cloud storage\r\n- set up GenAI manager to perform summarization and text analysis task\r\n\r\n* Reformat backend code\r\n\r\n* Update Flask backend\r\n- correct formatting errors\r\n- ensure unit test cases are passed\r\n\r\n* Update React frontend and flask backend\r\n- create simple AI action call feature\r\n- implement simple display of AI message\r\n\r\n* Update vercel ignore file\r\n\r\n* Update React frontend and flask backend\r\n- create prelimnary version of AI message display\r\n- create simple AI summarization feature.\r\n\r\n* Update Flask backend test\r\n\r\n* Update Flask backend unittest\r\n- the test method needs to access environment variable.\r\n\r\n* Update Flask backend to pass unit test\r\n\r\n---------\r\n\r\nCo-authored-by: guest1@CHENYIXUN \u003cyou@example.com\u003e\r\nCo-authored-by: Golddirio \u003c142647056+Golddirio@users.noreply.github.com\u003e","fileTypesAndContributionMap":{"pylintrc":{"insertions":652,"deletions":0},"txt":{"insertions":52,"deletions":1},"vercelignore":{"insertions":1,"deletions":0},"md":{"insertions":1,"deletions":0},"tsx":{"insertions":986,"deletions":65},"yml":{"insertions":31,"deletions":3},"py":{"insertions":59363,"deletions":22491},"json":{"insertions":1,"deletions":0},"ts":{"insertions":54,"deletions":8}}}]},{"date":"2024-06-17","commitResults":[{"hash":"549a086bc453db8b8341e666f72b729579d8370f","isMergeCommit":false,"messageTitle":"Update .gitignore","messageBody":"","fileTypesAndContributionMap":{"gitignore":{"insertions":2,"deletions":0}}},{"hash":"804d227189bd1a899dd611e72a8824bd4acfe276","isMergeCommit":false,"messageTitle":"Delete app_flask/.virt directory","messageBody":"delete redundant .virt","fileTypesAndContributionMap":{"lib64":{"insertions":0,"deletions":1},"python":{"insertions":0,"deletions":1},"tmpl":{"insertions":0,"deletions":9},"pth":{"insertions":0,"deletions":1},"cfg":{"insertions":0,"deletions":8},"pip3":{"insertions":0,"deletions":8},"RECORD":{"insertions":0,"deletions":1415},"py":{"insertions":0,"deletions":240249},"ps1":{"insertions":0,"deletions":247},"python3":{"insertions":0,"deletions":1},"WHEEL":{"insertions":0,"deletions":10},"txt":{"insertions":0,"deletions":111},"typed":{"insertions":0,"deletions":4},"pip":{"insertions":0,"deletions":8},"xml":{"insertions":0,"deletions":15},"fish":{"insertions":0,"deletions":100},"activate":{"insertions":0,"deletions":83},"csh":{"insertions":0,"deletions":55},"pem":{"insertions":0,"deletions":4362},"INSTALLER":{"insertions":0,"deletions":2},"METADATA":{"insertions":0,"deletions":216},"LICENSE":{"insertions":0,"deletions":19},"10":{"insertions":0,"deletions":9}}}]},{"date":"2024-06-21","commitResults":[{"hash":"af873ecf1ec22b6bab1612d00a49a925a2b788ca","isMergeCommit":false,"messageTitle":"Implement the interaction between user and GenAI API (#21)","messageBody":"* Update React frontend and flask backend\r\n- create basic downloads function\r\n\r\n* Correct lint warnings\r\n\r\n* Update React frontend\r\n- enable users to key in self-designed prompt\r\n- display AI summary\r\n\r\n* Correct Linting errors\r\n\r\n* Modify minor errors in frontend\r\n\r\n* Update Flask backend and React frontend\r\n- frontend:\r\n   -- create validator functions for password and username\r\n   -- create unit tests for validator\r\n   -- change formats of utility methods so that it is easy for unit test\r\n- backend:\r\n   -- import libraries to handle Markdown response from GenAI\r\n\r\n* Update React frontend\r\n- to pass CI checking\r\n\r\n* Update frontend\r\n- add calendar element\r\n- create simple toast element\r\n\r\n* Update React frontend\r\n- enable users to download AI response\r\n\r\n* Final Update on both frontend and backend","fileTypesAndContributionMap":{"txt":{"insertions":81,"deletions":0},"md":{"insertions":2,"deletions":0},"tsx":{"insertions":252,"deletions":132},"py":{"insertions":3,"deletions":2},"json":{"insertions":103,"deletions":194},"js":{"insertions":67,"deletions":0},"ts":{"insertions":131,"deletions":4}}}]},{"date":"2024-06-26","commitResults":[{"hash":"ab8bb705dfa54aee3b38b539d5815aaddca72d3e","isMergeCommit":false,"messageTitle":"Create editor feature and file deletion (#26)","messageBody":"* Update frontend for editor feature\r\n\r\n* Update backend\r\n\r\n* Add methods to delete files\r\n\r\n* Debug backend code\r\n\r\n* Ret-trigger backend test\r\n\r\n* Update pylint configuration\r\n\r\n* Update frontend\r\n- fix small bugs of delete function\r\n\r\n* Update frontend and backend\r\n- refine text editor\r\n\r\n* Update frontend and backend codebase to implement text editor\r\n\r\n* Update React frontend and flask backend\r\n- finish implementing the editor function\r\n- change the layout of AI message display\r\n\r\n* Update frontend for small tests\r\n\r\n* Update frontend and backend\r\n- enable patient and session deletion function\r\n\r\n* Update backend\r\n- add unit tests for backend\r\n\r\n* Update github actions to enable new backend tests\r\n\r\n* Update backend to correct linting error\r\n\r\n* Update backend to correct linting error2\r\n\r\n* Attempt to pass linting error 3\r\n\r\n* Add unit tests\r\n\r\n* Attempt to correct frontend linting error\r\n\r\n---------\r\n\r\nCo-authored-by: guest1@CHENYIXUN \u003cyou@example.com\u003e","fileTypesAndContributionMap":{"md":{"insertions":1,"deletions":1},"tsx":{"insertions":635,"deletions":70},"yml":{"insertions":7,"deletions":1},"py":{"insertions":34,"deletions":24},"js":{"insertions":305,"deletions":1},"json":{"insertions":1887,"deletions":261},"ts":{"insertions":113,"deletions":4}}}]},{"date":"2024-06-27","commitResults":[{"hash":"a0bfeb13c1d8aebb980a28c0fddd7d72a11f88d7","isMergeCommit":false,"messageTitle":"Update Login.tsx","messageBody":"","fileTypesAndContributionMap":{"tsx":{"insertions":1,"deletions":1}}},{"hash":"4eb1fc08d9bd0c978d6aca233a1752c859302013","isMergeCommit":false,"messageTitle":"Update SignUp.tsx","messageBody":"","fileTypesAndContributionMap":{"tsx":{"insertions":4,"deletions":0}}},{"hash":"708da0b16734582a6633c4f1410fca84af41db77","isMergeCommit":false,"messageTitle":"Update SignUp.tsx","messageBody":"","fileTypesAndContributionMap":{"tsx":{"insertions":1,"deletions":1}}}]},{"date":"2024-06-29","commitResults":[{"hash":"c7c05bcfef496b3cdabe2a5f1c0de66c46044af5","isMergeCommit":false,"messageTitle":"Update models.py","messageBody":"- correct bugs in backend orm","fileTypesAndContributionMap":{"py":{"insertions":1,"deletions":1}}}]},{"date":"2024-07-01","commitResults":[{"hash":"d07699cf4f02e7a1974861897359098dd00d27c6","isMergeCommit":false,"messageTitle":"Update application.py","messageBody":"","fileTypesAndContributionMap":{"py":{"insertions":1,"deletions":1}}}]},{"date":"2024-07-08","commitResults":[{"hash":"6abfb6dc5767d1649e726520106db6bf775ef5b7","isMergeCommit":false,"messageTitle":"Add unit test cases for frontend and backend (#33)","messageBody":"* Update backend\r\n\r\n* Update frontend unit test\r\n\r\n* Update frontend for unit testing\r\n\r\n* Update to correct linting errors\r\n\r\n* Update unit test\r\n\r\n* Correct simple errors\r\n\r\n* Add unit test cases for frontend\r\n\r\n* Add unit test cases for utility functions\r\n\r\n* Add more unit tests for frontend\r\n\r\n* Add backend unittest reports\r\n\r\n* Update frontend unittest\r\n- finish test cases design\r\n\r\n* Small modification\r\n\r\n* Add frontend test cases\r\n\r\n* Add backend unittests and correct frontend linting error\r\n\r\n* Add backend unittest\r\n\r\n---------\r\n\r\nCo-authored-by: guest1@CHENYIXUN \u003cyou@example.com\u003e","fileTypesAndContributionMap":{"txt":{"insertions":2,"deletions":0},"tsx":{"insertions":123,"deletions":92},"py":{"insertions":108,"deletions":4},"js":{"insertions":26,"deletions":374},"json":{"insertions":782,"deletions":89},"html":{"insertions":408,"deletions":0},"ts":{"insertions":622,"deletions":12}}}]},{"date":"2024-07-10","commitResults":[{"hash":"e7549039aea507526f669562eb25fc16c64d107d","isMergeCommit":false,"messageTitle":"First Implementation of document previewer (#40)","messageBody":"* First Implementation of document previewer\r\n\r\n* Final update for session file list\r\n\r\n* Handling special characters in document preview\r\n\r\n---------\r\n\r\nCo-authored-by: guest1@CHENYIXUN \u003cyou@example.com\u003e","fileTypesAndContributionMap":{"tsx":{"insertions":89,"deletions":0},"json":{"insertions":861,"deletions":3},"ts":{"insertions":31,"deletions":0}}}]},{"date":"2024-07-11","commitResults":[{"hash":"01d8dafe7f81dee41d8ab9b937f04167a9c826cd","isMergeCommit":false,"messageTitle":"Thematic analysis feature (#41)","messageBody":"* Update Frontend to add thematic AI analysis\r\n\r\n* Refactor frontend code\r\n\r\n---------\r\n\r\nCo-authored-by: guest1@CHENYIXUN \u003cyou@example.com\u003e","fileTypesAndContributionMap":{"tsx":{"insertions":239,"deletions":131},"html":{"insertions":1,"deletions":1}}}]},{"date":"2024-07-15","commitResults":[{"hash":"99969c3cea4de59b059471e0c88075fe778353cf","isMergeCommit":false,"messageTitle":"First Initialization of transcription service (#42)","messageBody":"Co-authored-by: Chen Yixun \u003cguest1@CHENYIXUN\u003e","fileTypesAndContributionMap":{"Dockerfile":{"insertions":15,"deletions":0},"txt":{"insertions":44,"deletions":0},"gitignore":{"insertions":7,"deletions":1},"py":{"insertions":56,"deletions":0}}},{"hash":"ea6890693f61a9cbff63522fcb07ba7faa2556b5","isMergeCommit":false,"messageTitle":"Create azure-webapps-python2.yml","messageBody":"Add CI/CD pipelines for Meeting Transcription microservices","fileTypesAndContributionMap":{"yml":{"insertions":91,"deletions":0}}},{"hash":"0094ba3c5002e7b28d8ff2e725fbfa858159e1ed","isMergeCommit":false,"messageTitle":"Trugger Actions","messageBody":"","fileTypesAndContributionMap":{"md":{"insertions":2,"deletions":0}}},{"hash":"daef16d416d08f351a8fe43785ebc3e79d4036ec","isMergeCommit":false,"messageTitle":"Update azure-webapps-python2.yml (#43)","messageBody":"","fileTypesAndContributionMap":{"yml":{"insertions":1,"deletions":1}}},{"hash":"2a2d6018a90961cf68a48102250a5e37d1cdbea1","isMergeCommit":false,"messageTitle":"Update README.md","messageBody":"","fileTypesAndContributionMap":{"md":{"insertions":3,"deletions":0}}},{"hash":"ea3e634d4edc33eaf4f2097b32cced04bdc779db","isMergeCommit":false,"messageTitle":"Update app.py","messageBody":"","fileTypesAndContributionMap":{"py":{"insertions":5,"deletions":1}}},{"hash":"a0a0226e9b0458165f177c4329b71aabdbbbc6e4","isMergeCommit":false,"messageTitle":"Update app.py","messageBody":"","fileTypesAndContributionMap":{"py":{"insertions":3,"deletions":3}}},{"hash":"5339a67c1c7fdd089ff82f751777a541b8bb6727","isMergeCommit":false,"messageTitle":"Update app.py","messageBody":"","fileTypesAndContributionMap":{"py":{"insertions":1,"deletions":0}}},{"hash":"abaa9974ca72f6e0e962b25e31588056add78696","isMergeCommit":false,"messageTitle":"Update azure-webapps-python2.yml","messageBody":"","fileTypesAndContributionMap":{"yml":{"insertions":1,"deletions":1}}},{"hash":"157b89b1c987da215ac71d37d1ee92f932c9e21b","isMergeCommit":false,"messageTitle":"Update README.md","messageBody":"","fileTypesAndContributionMap":{"md":{"insertions":3,"deletions":1}}},{"hash":"c64705bd5d0f4fff3caf438ee3770231870012cf","isMergeCommit":false,"messageTitle":"Update azure-webapps-python2.yml","messageBody":"","fileTypesAndContributionMap":{"yml":{"insertions":5,"deletions":0}}},{"hash":"e80bde7548d301feed43a27d64f3fd83fe79127e","isMergeCommit":false,"messageTitle":"Trigger github actions","messageBody":"","fileTypesAndContributionMap":{"md":{"insertions":1,"deletions":1}}},{"hash":"db023621b180dba4677d2430ac3c6f1711ed5459","isMergeCommit":false,"messageTitle":"Update azure-webapps-python2.yml","messageBody":"","fileTypesAndContributionMap":{"yml":{"insertions":0,"deletions":5}}},{"hash":"03ac59d6b8e53077044e027a8c0559cb187b106e","isMergeCommit":false,"messageTitle":"Update requirements.txt","messageBody":"","fileTypesAndContributionMap":{"txt":{"insertions":1,"deletions":1}}},{"hash":"af1c690fc5cbe66ded5927501d9df6df22ba1b92","isMergeCommit":false,"messageTitle":"Update requirements.txt","messageBody":"","fileTypesAndContributionMap":{"txt":{"insertions":1,"deletions":1}}},{"hash":"579d0ba84d5f313770345fadbd7561b3ddb7aa8c","isMergeCommit":false,"messageTitle":"Update requirements.txt","messageBody":"","fileTypesAndContributionMap":{"txt":{"insertions":2,"deletions":1}}},{"hash":"2625d3823d897262cce58de8e54373cf225bb1cf","isMergeCommit":false,"messageTitle":"Update azure-webapps-python2.yml","messageBody":"","fileTypesAndContributionMap":{"yml":{"insertions":1,"deletions":1}}},{"hash":"65fd685a5bee3c5efe41f253e2dabbdaf997c84a","isMergeCommit":false,"messageTitle":"Update README.md","messageBody":"","fileTypesAndContributionMap":{"md":{"insertions":1,"deletions":1}}},{"hash":"b056e346767cdecb7bd4600a993722009b65bb6c","isMergeCommit":false,"messageTitle":"Update app.py","messageBody":"Remove unnecessary part","fileTypesAndContributionMap":{"py":{"insertions":1,"deletions":2}}},{"hash":"5028da004ab6cb2c99a5eac6920c99afeb04a023","isMergeCommit":false,"messageTitle":"Update app.py","messageBody":"","fileTypesAndContributionMap":{"py":{"insertions":1,"deletions":0}}}]},{"date":"2024-07-16","commitResults":[{"hash":"e8ffcd918d4aa44e26119c5302b3462c49dc3273","isMergeCommit":false,"messageTitle":"Update README.md","messageBody":"","fileTypesAndContributionMap":{"md":{"insertions":2,"deletions":0}}}]},{"date":"2024-07-18","commitResults":[{"hash":"fa154b6060a10e25b63c783382190d98a9ef8197","isMergeCommit":false,"messageTitle":"Delete .github/workflows/azure-webapps-python2.yml","messageBody":"","fileTypesAndContributionMap":{"yml":{"insertions":0,"deletions":91}}},{"hash":"ef8a8c9eab1ae732d491e4eadd9059ecd28db5b3","isMergeCommit":false,"messageTitle":"Create image_push_acr.yml","messageBody":"Add workflow to deploy meeting transcription","fileTypesAndContributionMap":{"yml":{"insertions":34,"deletions":0}}},{"hash":"11696ce189b35ae1200745c351e4f2b9784bceb0","isMergeCommit":false,"messageTitle":"Test CD for meeting transcription","messageBody":"","fileTypesAndContributionMap":{"md":{"insertions":1,"deletions":1}}},{"hash":"b14aea44ca219be7e191a9de93030ec2f08d7826","isMergeCommit":false,"messageTitle":"Update image_push_acr.yml","messageBody":"","fileTypesAndContributionMap":{"yml":{"insertions":1,"deletions":1}}},{"hash":"64a178146348b3f27f5c832d7169d5ccfe6fc0de","isMergeCommit":false,"messageTitle":"Update README.md","messageBody":"","fileTypesAndContributionMap":{"md":{"insertions":1,"deletions":1}}},{"hash":"edbcdd3fa45a16b37ab1ccf37534db409b91ed89","isMergeCommit":false,"messageTitle":"Update image_push_acr.yml","messageBody":"","fileTypesAndContributionMap":{"yml":{"insertions":1,"deletions":1}}},{"hash":"45bf0fbafa6cf120c318e856c323ad1c6cfe9558","isMergeCommit":false,"messageTitle":"Update README.md","messageBody":"","fileTypesAndContributionMap":{"md":{"insertions":1,"deletions":1}}}]},{"date":"2024-07-20","commitResults":[{"hash":"41b6f527f17ae9902323c1b1eda68f709c104a86","isMergeCommit":false,"messageTitle":"Meeting transcription frontend (#46)","messageBody":"* Create Frontend for file upload\r\n\r\n* Update frontend for meeting transcription\r\n\r\n---------\r\n\r\nCo-authored-by: CHENYIXUN \u003cguest1@CHENYIXUN\u003e","fileTypesAndContributionMap":{"tsx":{"insertions":170,"deletions":7},"ts":{"insertions":9,"deletions":0}}}]},{"date":"2024-07-26","commitResults":[{"hash":"252ca88d8a5bbbadc66d696fea2f212d522f113a","isMergeCommit":false,"messageTitle":"Multiple document analysis (#47)","messageBody":"* First update of this branch\r\n\r\n* Correct linting error\r\n\r\n* Multiple file handler: load and clean documents\r\n\r\n* Clear linting error\r\n\r\n* Update config\r\n\r\n* Add multiple documents compilation\r\n\r\n* Correct linting errors\r\n\r\n* Implement backend for multiple document analysis\r\n\r\n* Update file_list_manager\r\n\r\n* Update pylint config\r\n\r\n* Correct linting error\r\n\r\n* Complete frontend and backend for multiple document analysis\r\n\r\n* Update frontend to enable downloading of document\r\n\r\n* Add test for genai manager\r\n\r\n* Correct test errors\r\n\r\n* Correct warnings\r\n\r\n* Correct linting errors\r\n\r\n---------\r\n\r\nCo-authored-by: CHENYIXUN \u003cguest1@CHENYIXUN\u003e","fileTypesAndContributionMap":{"pylintrc":{"insertions":3,"deletions":1},"txt":{"insertions":8,"deletions":0},"gitignore":{"insertions":4,"deletions":2},"md":{"insertions":1,"deletions":0},"tsx":{"insertions":237,"deletions":3},"py":{"insertions":207,"deletions":2},"ts":{"insertions":19,"deletions":0}}},{"hash":"b66a13b73be4024218ceb299b36625aa6e79dd28","isMergeCommit":false,"messageTitle":"Update README.md","messageBody":"","fileTypesAndContributionMap":{"md":{"insertions":1,"deletions":1}}}]},{"date":"2024-07-27","commitResults":[{"hash":"1315ec4db73b0fe9c7e9bb66994280d933bec33a","isMergeCommit":false,"messageTitle":"Debug search session feature 2","messageBody":"","fileTypesAndContributionMap":{"tsx":{"insertions":1,"deletions":1}}}]},{"date":"2024-08-10","commitResults":[{"hash":"08c7744fbcc29b622b982ec1fda5a61bdea1e346","isMergeCommit":false,"messageTitle":"improve UIUX of the web application (#49)","messageBody":"* Update WelcomeHelp.tsx\r\n\r\n* Update SessionFileList.tsx\r\n\r\n* Update Welcome.tsx\r\n\r\n* Update EditorPrompt.tsx\r\n\r\n* Update EditorElement.tsx\r\n\r\n* Update AudioUploadForm.tsx\r\n\r\n* Update MeetingTranscriptionDisplay.tsx\r\n\r\n* Update SelectPatient.tsx\r\n\r\n* Update SelectPrompt.tsx\r\n\r\n* Update DisplayAnalysis.tsx\r\n\r\n* Update PatientCreationForm.tsx\r\n\r\n* Update PatientCreationForm.tsx\r\n\r\n* Update SessionCreationForm.tsx\r\n\r\n* Update SessionCreationForm.tsx\r\n\r\n* Update WelcomeHelp.tsx\r\n\r\n* Update WelcomeHelp.tsx\r\n\r\n* Update Navbar.tsx\r\n\r\nAdd home option for the convenience of log out\r\n\r\n* Update PatientManagementMain.tsx\r\n\r\n* Update SessionManagementMain.tsx\r\n\r\n---------\r\n\r\nCo-authored-by: Golddirio \u003c142647056+Golddirio@users.noreply.github.com\u003e","fileTypesAndContributionMap":{"tsx":{"insertions":161,"deletions":80}}},{"hash":"958fd87b73b3e0948379672cc0f4dacc43970a58","isMergeCommit":false,"messageTitle":"Update Login.tsx","messageBody":"- update forgot password link to register","fileTypesAndContributionMap":{"tsx":{"insertions":1,"deletions":1}}},{"hash":"ef3adedcc67c1acb8382ee95b2328a2073fa106e","isMergeCommit":false,"messageTitle":"Update Background.tsx","messageBody":"- remove secondary list\r\n- may add this part back in the future","fileTypesAndContributionMap":{"tsx":{"insertions":2,"deletions":2}}}]}],"CHENYIXUN":[{"date":"2024-07-15","commitResults":[{"hash":"0aedbf116276949e7a2b513a454e0c1bc6e15919","isMergeCommit":false,"messageTitle":"Update Requirements","messageBody":"","fileTypesAndContributionMap":{"txt":{"insertions":0,"deletions":12},"json":{"insertions":4,"deletions":0},"py":{"insertions":1,"deletions":1}}},{"hash":"884b60d0422b4b0a6fd92165cf2616d90ba8f6cf","isMergeCommit":false,"messageTitle":"Update requirements to remove unnecessary packages","messageBody":"","fileTypesAndContributionMap":{"txt":{"insertions":0,"deletions":1}}},{"hash":"74d3b7273709742a0abac14b2ae8b274ba74069c","isMergeCommit":false,"messageTitle":"Set up exception handling","messageBody":"","fileTypesAndContributionMap":{"py":{"insertions":10,"deletions":7}}}]},{"date":"2024-07-16","commitResults":[{"hash":"49a77e071ce0398c9c9969ab9cc992bf4bec26c3","isMergeCommit":false,"messageTitle":"Trigger actions","messageBody":"","fileTypesAndContributionMap":{"yml":{"insertions":1,"deletions":1},"py":{"insertions":1,"deletions":1}}}]},{"date":"2024-07-19","commitResults":[{"hash":"74f81093db77f30eb6223f14a1b8be913c3ff41c","isMergeCommit":false,"messageTitle":"Update dockerfile","messageBody":"","fileTypesAndContributionMap":{"Dockerfile":{"insertions":1,"deletions":1},"dockerignore":{"insertions":1,"deletions":0}}}]},{"date":"2024-07-27","commitResults":[{"hash":"f72dbf01a2f4ea4207a81c507d95a4c7b9f08d10","isMergeCommit":false,"messageTitle":"Implement session search feature","messageBody":"","fileTypesAndContributionMap":{"tsx":{"insertions":14,"deletions":3}}},{"hash":"9db519e2bbb6f607f20dea26f1a97f3ffd21fefb","isMergeCommit":false,"messageTitle":"Debug search session feature","messageBody":"","fileTypesAndContributionMap":{"tsx":{"insertions":8,"deletions":0}}}]},{"date":"2024-07-28","commitResults":[{"hash":"87a26f155e3a7da2c165648faef0f0adf8affc54","isMergeCommit":false,"messageTitle":"Update test case","messageBody":"","fileTypesAndContributionMap":{"html":{"insertions":1,"deletions":1},"ts":{"insertions":67,"deletions":8}}},{"hash":"54609545ae766b00594fe8b8ea6027735c1a6d43","isMergeCommit":false,"messageTitle":"Update automatic and manual tests","messageBody":"","fileTypesAndContributionMap":{"html":{"insertions":1,"deletions":1},"ts":{"insertions":72,"deletions":20}}},{"hash":"7de3072ace861da75b40a802c96a4b85e15590fb","isMergeCommit":false,"messageTitle":"Final update of frontend test document","messageBody":"","fileTypesAndContributionMap":{"tsx":{"insertions":37,"deletions":4},"html":{"insertions":1,"deletions":1}}}]}],"guest1@CHENYIXUN":[{"date":"2024-05-16","commitResults":[{"hash":"45e676088968ce98b2cdaa3a07b008209153f8d0","isMergeCommit":false,"messageTitle":"Initialize repo","messageBody":"","fileTypesAndContributionMap":{"css":{"insertions":51,"deletions":0},"tmpl":{"insertions":9,"deletions":0},"pip3":{"insertions":8,"deletions":0},"RECORD":{"insertions":1335,"deletions":0},"py":{"insertions":240447,"deletions":0},"js":{"insertions":15,"deletions":0},"dockerignore":{"insertions":4,"deletions":0},"conf":{"insertions":13,"deletions":0},"ps1":{"insertions":247,"deletions":0},"python3":{"insertions":1,"deletions":0},"WHEEL":{"insertions":10,"deletions":0},"pip":{"insertions":8,"deletions":0},"xml":{"insertions":15,"deletions":0},"md":{"insertions":46,"deletions":0},"tsx":{"insertions":247,"deletions":0},"pem":{"insertions":4362,"deletions":0},"json":{"insertions":18308,"deletions":0},"yml":{"insertions":30,"deletions":0},"html":{"insertions":43,"deletions":0},"LICENSE":{"insertions":19,"deletions":0},"10":{"insertions":9,"deletions":0},"lib64":{"insertions":1,"deletions":0},"python":{"insertions":1,"deletions":0},"pth":{"insertions":1,"deletions":0},"cfg":{"insertions":3,"deletions":0},"svg":{"insertions":1,"deletions":0},"gitignore":{"insertions":27,"deletions":0},"txt":{"insertions":132,"deletions":0},"typed":{"insertions":4,"deletions":0},"Dockerfile":{"insertions":29,"deletions":0},"fish":{"insertions":69,"deletions":0},"activate":{"insertions":69,"deletions":0},"csh":{"insertions":26,"deletions":0},"REQUESTED":{"insertions":0,"deletions":0},"INSTALLER":{"insertions":2,"deletions":0},"METADATA":{"insertions":216,"deletions":0},"ts":{"insertions":21,"deletions":0}}},{"hash":"15ea20f38ab841b798e867880c934444244ac766","isMergeCommit":false,"messageTitle":"update of frontend","messageBody":"","fileTypesAndContributionMap":{"gitignore":{"insertions":26,"deletions":0},"tsx":{"insertions":1,"deletions":5},"ts":{"insertions":0,"deletions":15}}},{"hash":"326fc167b1ff14d68837067eef68fc83b561eec2","isMergeCommit":false,"messageTitle":"update python requirements","messageBody":"","fileTypesAndContributionMap":{"txt":{"insertions":18,"deletions":0}}},{"hash":"85936d4d0a38794533a6a90c4cc60c3cc01f0c16","isMergeCommit":true,"messageTitle":"Merge remote-tracking branch \u0027refs/remotes/origin/main\u0027","messageBody":"","fileTypesAndContributionMap":{}}]},{"date":"2024-05-17","commitResults":[{"hash":"7726de8f84634819df39be3a665fb05ae60222d2","isMergeCommit":false,"messageTitle":"Preparation for the deployment of frontent","messageBody":"","fileTypesAndContributionMap":{"vercelignore":{"insertions":1,"deletions":0},"gitignore":{"insertions":1,"deletions":0},"tsx":{"insertions":3,"deletions":3},"json":{"insertions":1,"deletions":1}}},{"hash":"710aba4cac80287930f897f7f823b11b3176f981","isMergeCommit":true,"messageTitle":"Merge remote-tracking branch \u0027origin/main\u0027","messageBody":"","fileTypesAndContributionMap":{}},{"hash":"d01f9f24f3a5477f936ba1936b120257c76946b3","isMergeCommit":false,"messageTitle":"Configure for CORS","messageBody":"","fileTypesAndContributionMap":{"py":{"insertions":9,"deletions":0}}},{"hash":"b1069adf33d1b04734625fba2e2aabee9b325832","isMergeCommit":false,"messageTitle":"Configure for CORS 2","messageBody":"","fileTypesAndContributionMap":{"py":{"insertions":1,"deletions":1}}},{"hash":"db7291738de439ed6672157ca849fe3f98eb5d57","isMergeCommit":false,"messageTitle":"Update backend API to enable third-party cookies","messageBody":"","fileTypesAndContributionMap":{"py":{"insertions":3,"deletions":3},"json":{"insertions":0,"deletions":1}}},{"hash":"e53ade543dffd02677b1a65c5286cdf3eda5617b","isMergeCommit":false,"messageTitle":"Update template to enable router","messageBody":"","fileTypesAndContributionMap":{"tsx":{"insertions":19,"deletions":3},"json":{"insertions":48,"deletions":0}}},{"hash":"8dc74a0bfdbcac798b8187563bbf85f64b60e6f7","isMergeCommit":false,"messageTitle":"Remove unnecessary documents","messageBody":"","fileTypesAndContributionMap":{"txt":{"insertions":0,"deletions":18}}},{"hash":"2e6c3833f04ab704b8a67f46bab7d7f5b726c2a5","isMergeCommit":false,"messageTitle":"Reformatting backend api application Test for new github actions configuration","messageBody":"","fileTypesAndContributionMap":{"py":{"insertions":0,"deletions":5}}},{"hash":"1d64e274ad877e7ab26e8d450394be7d2dc035b6","isMergeCommit":false,"messageTitle":"Remove unnecessary doc and check for github actions","messageBody":"","fileTypesAndContributionMap":{"md":{"insertions":0,"deletions":46}}},{"hash":"0ce2421fe08743fc191c989371ecfb0750d80c4f","isMergeCommit":false,"messageTitle":"minor change to check github actions","messageBody":"","fileTypesAndContributionMap":{"tsx":{"insertions":1,"deletions":0}}},{"hash":"410c7c7fb8c3846ccb37521592236e25d015c9ea","isMergeCommit":false,"messageTitle":"minor change to check github actions","messageBody":"","fileTypesAndContributionMap":{"tsx":{"insertions":1,"deletions":1}}},{"hash":"b921e2c84f147c640a27ea82fe3a07ba27eb5792","isMergeCommit":false,"messageTitle":"test for actions","messageBody":"","fileTypesAndContributionMap":{"tsx":{"insertions":2,"deletions":1}}}]},{"date":"2024-05-19","commitResults":[{"hash":"9428493f8c6186e3cfbb1efdace4727a532da39b","isMergeCommit":false,"messageTitle":"add unit test for API","messageBody":"","fileTypesAndContributionMap":{"py":{"insertions":21,"deletions":0}}},{"hash":"ffedf420eb09a094732778c11dd0a5efb4ce0dff","isMergeCommit":false,"messageTitle":"include unit testing for backend","messageBody":"","fileTypesAndContributionMap":{"tsx":{"insertions":1,"deletions":0},"yml":{"insertions":3,"deletions":0}}},{"hash":"0ee8bf8d8383ec4c6ec8b2a70598be5b71b49c23","isMergeCommit":false,"messageTitle":"Trigger github actions","messageBody":"","fileTypesAndContributionMap":{"py":{"insertions":1,"deletions":0}}},{"hash":"87e20802ec9bfd1acaca4db5cc4dbb14fa487a2e","isMergeCommit":false,"messageTitle":"Trigger github actions 2","messageBody":"","fileTypesAndContributionMap":{"py":{"insertions":1,"deletions":0}}},{"hash":"5d628d6635698d22c306f435ff572320b80966c3","isMergeCommit":true,"messageTitle":"Merge remote-tracking branch \u0027origin/main\u0027","messageBody":"","fileTypesAndContributionMap":{}},{"hash":"864c73e997b88fee75c69d42030abffbaaf200b6","isMergeCommit":false,"messageTitle":"Update test cases","messageBody":"","fileTypesAndContributionMap":{"py":{"insertions":1,"deletions":1}}},{"hash":"0fb209828bf612aa70cd82f9bd2a4f9aab65ba35","isMergeCommit":false,"messageTitle":"Update workflow file","messageBody":"","fileTypesAndContributionMap":{"yml":{"insertions":2,"deletions":0},"py":{"insertions":1,"deletions":1}}}]},{"date":"2024-05-26","commitResults":[{"hash":"0688592b335b4c248d7cb31f73505d0ead30c519","isMergeCommit":false,"messageTitle":"Remove unnecessary functions in Flask backend","messageBody":"","fileTypesAndContributionMap":{"py":{"insertions":0,"deletions":17}}},{"hash":"04ffbadca7f00d6d6ba05c13e07685caab0beb0b","isMergeCommit":false,"messageTitle":"Update database models and test cases - create relationship between classes - add simple unit test testcases for database creation","messageBody":"","fileTypesAndContributionMap":{"py":{"insertions":54,"deletions":4}}}]},{"date":"2024-05-27","commitResults":[{"hash":"76b5263992273e28c3f5f82957f2ab17a33f805f","isMergeCommit":false,"messageTitle":"Add SignUp components - create simple form for users to sign up - attempt to create a new account by making a POST request to the backend","messageBody":"","fileTypesAndContributionMap":{"tsx":{"insertions":82,"deletions":5}}},{"hash":"d34f52a135f9623a68189532227fd72e8e88f8b4","isMergeCommit":false,"messageTitle":"Update app_react directory - remove unnecessary codes","messageBody":"","fileTypesAndContributionMap":{"tsx":{"insertions":0,"deletions":69}}}]},{"date":"2024-05-28","commitResults":[{"hash":"ae8286f6b8c9c9da56c8107e034639b0e5d1ad5b","isMergeCommit":false,"messageTitle":"Update React frontend - add new MUI library for UI/UX design - refactor APItest function","messageBody":"","fileTypesAndContributionMap":{"tsx":{"insertions":2,"deletions":2},"json":{"insertions":538,"deletions":0}}},{"hash":"73fe54aff569ab8d790347b64be9e4ce2647a4bf","isMergeCommit":false,"messageTitle":"Update React frontend - Update App.tsx to test for login function","messageBody":"","fileTypesAndContributionMap":{"tsx":{"insertions":44,"deletions":4}}},{"hash":"dbf1d7e3d1202e3ab8175dc885a5d4150516b81f","isMergeCommit":false,"messageTitle":"Update React frontend APITest - update test function for backend","messageBody":"","fileTypesAndContributionMap":{"tsx":{"insertions":1,"deletions":1}}},{"hash":"ebf34a55ec85cb645b568d57f5482d4d65372a08","isMergeCommit":false,"messageTitle":"Update React frontend APITest component","messageBody":"","fileTypesAndContributionMap":{"tsx":{"insertions":1,"deletions":1}}}]},{"date":"2024-05-30","commitResults":[{"hash":"70c957df44fde8652054859ae3edfe2c19962275","isMergeCommit":false,"messageTitle":"Update main backend - install flask_restful library for basic CRUD actions","messageBody":"","fileTypesAndContributionMap":{"txt":{"insertions":4,"deletions":0},"py":{"insertions":10,"deletions":1}}},{"hash":"d0aca710adfead73365a235943a3049f54f30c2d","isMergeCommit":false,"messageTitle":"Update React frontend and Flask backend - Attempt to fix the security bug","messageBody":"","fileTypesAndContributionMap":{"py":{"insertions":1,"deletions":1}}},{"hash":"2e9709a767acff4cc8f70de1a1981d5f28d9ee30","isMergeCommit":false,"messageTitle":"Update Flask backend - Attempt to solve security bug 2","messageBody":"","fileTypesAndContributionMap":{"ts":{"insertions":2,"deletions":2}}},{"hash":"97899136a2ab1f2eac8dda13b5b8a187c12f2eb7","isMergeCommit":false,"messageTitle":"Update Flask backend - update simple unit test cases for the change in authorization","messageBody":"","fileTypesAndContributionMap":{"py":{"insertions":1,"deletions":1}}}]},{"date":"2024-05-31","commitResults":[{"hash":"52a20716510367be6f6b66d5e1afc566e2cf48d9","isMergeCommit":false,"messageTitle":"Update React frontend - refactor code","messageBody":"","fileTypesAndContributionMap":{"txt":{"insertions":0,"deletions":0},"tsx":{"insertions":161,"deletions":141},"ts":{"insertions":0,"deletions":1}}},{"hash":"aa58ccc9aaaf7d36f62edf48da9e6acd559a9e9a","isMergeCommit":false,"messageTitle":"Update React frontend - Beautify the welcome page - Import more MUI templates","messageBody":"","fileTypesAndContributionMap":{"tsx":{"insertions":566,"deletions":26}}},{"hash":"c1bdfc5fb52fd6a53905baffd80b08e8914a2a4e","isMergeCommit":true,"messageTitle":"Merge remote-tracking branch \u0027origin/main\u0027","messageBody":"","fileTypesAndContributionMap":{}},{"hash":"c94892355dd4a1d49998c5116e04e4605a50b90f","isMergeCommit":false,"messageTitle":"Update React frontend - add loading page - implement methods to upload documents to cloud storage - import MUI templates for footer design","messageBody":"","fileTypesAndContributionMap":{"tsx":{"insertions":152,"deletions":4},"ts":{"insertions":20,"deletions":13}}},{"hash":"fef498fb174cf434321670888d5a7134401b4c10","isMergeCommit":false,"messageTitle":"Update routing of frontend","messageBody":"","fileTypesAndContributionMap":{"tsx":{"insertions":1,"deletions":2}}},{"hash":"030e3dbc42cf9c4c8aa8144443212ebaa2ecaed8","isMergeCommit":false,"messageTitle":"Update documentation and frontend - update Readme.md - update Navbar labels","messageBody":"","fileTypesAndContributionMap":{"md":{"insertions":27,"deletions":1},"tsx":{"insertions":9,"deletions":9},"json":{"insertions":0,"deletions":13}}}]},{"date":"2024-06-01","commitResults":[{"hash":"317f0b2e66950d11218dd3d297b9b935755b87f6","isMergeCommit":false,"messageTitle":"Update React frontend - beautify frontend UI - include interaction through prompt","messageBody":"","fileTypesAndContributionMap":{"tsx":{"insertions":49,"deletions":35},"ts":{"insertions":4,"deletions":3}}},{"hash":"ace26bde8700dc7ad9572ddb2e2ff985c688150d","isMergeCommit":false,"messageTitle":"Update React frontend - refactor code - reformat code for readablity","messageBody":"","fileTypesAndContributionMap":{"tsx":{"insertions":263,"deletions":247},"ts":{"insertions":1,"deletions":1}}},{"hash":"2263ba811eb9cd2df081b197aa874e22989243c6","isMergeCommit":false,"messageTitle":"Update Readme.md","messageBody":"","fileTypesAndContributionMap":{"md":{"insertions":35,"deletions":25}}}]},{"date":"2024-06-02","commitResults":[{"hash":"8a21ee4409447d8154599019e63e88aa7aebb463","isMergeCommit":false,"messageTitle":"Update React frontend - refactor code - update the homepage for PoC","messageBody":"","fileTypesAndContributionMap":{"tsx":{"insertions":105,"deletions":86}}},{"hash":"51a27c8baf93ae07a49d6b93909a20b0e39b1e70","isMergeCommit":false,"messageTitle":"Update React frontend - refactor title of the page","messageBody":"","fileTypesAndContributionMap":{"tsx":{"insertions":5,"deletions":4}}},{"hash":"826f8edc96602d5dd5ac38d075e1718b06b854ad","isMergeCommit":false,"messageTitle":"Update Readme","messageBody":"","fileTypesAndContributionMap":{"md":{"insertions":1,"deletions":1}}},{"hash":"263b1f3ff53ae915be473cb8be4daffa8c250471","isMergeCommit":false,"messageTitle":"Update React frontend - Add Prompt feature to customize alert and prompt in the frontend web","messageBody":"","fileTypesAndContributionMap":{"tsx":{"insertions":88,"deletions":13}}}]},{"date":"2024-06-13","commitResults":[{"hash":"2560997ea39e65603733b6459445cd7186130564","isMergeCommit":false,"messageTitle":"Trigger frontend development","messageBody":"","fileTypesAndContributionMap":{"md":{"insertions":1,"deletions":0}}},{"hash":"7ff5e304ffa65d232c07a9094c6862238ffb2061","isMergeCommit":false,"messageTitle":"Update Flask backend","messageBody":"","fileTypesAndContributionMap":{"md":{"insertions":1,"deletions":0}}}]},{"date":"2024-06-15","commitResults":[{"hash":"6cdb15862bff403e5c69c75662fb8e808b6a404c","isMergeCommit":false,"messageTitle":"Update Readme - set up new repo for development - update on the use of docker","messageBody":"","fileTypesAndContributionMap":{"md":{"insertions":0,"deletions":6}}}]},{"date":"2024-06-16","commitResults":[{"hash":"8f9caee244b642dd38dedb6fa9ae929e49355758","isMergeCommit":false,"messageTitle":"Update README.md","messageBody":"","fileTypesAndContributionMap":{"md":{"insertions":3,"deletions":3}}},{"hash":"7b04290def8525273883344df9a8b3c409f1e19b","isMergeCommit":false,"messageTitle":"Update Set up local development","messageBody":"","fileTypesAndContributionMap":{"python3":{"insertions":1,"deletions":1},"python":{"insertions":1,"deletions":1},"cfg":{"insertions":7,"deletions":2},"pip":{"insertions":1,"deletions":1},"fish":{"insertions":61,"deletions":30},"activate":{"insertions":44,"deletions":30},"pip3":{"insertions":1,"deletions":1},"RECORD":{"insertions":1415,"deletions":1335},"csh":{"insertions":38,"deletions":9},"py":{"insertions":22424,"deletions":58927},"REQUESTED":{"insertions":0,"deletions":0},"10":{"insertions":2,"deletions":2}}}]},{"date":"2024-06-17","commitResults":[{"hash":"0ac6837b848b8c9a91cba6554fa7bd2c83d583ba","isMergeCommit":false,"messageTitle":"Update Gitignore","messageBody":"","fileTypesAndContributionMap":{"gitignore":{"insertions":2,"deletions":0}}},{"hash":"ace423e3d3db45b34f01aa27fdad650d0b266a9c","isMergeCommit":false,"messageTitle":"Update React frontend and flask backend - create basic downloads function","messageBody":"","fileTypesAndContributionMap":{"tsx":{"insertions":5,"deletions":1},"ts":{"insertions":41,"deletions":1}}},{"hash":"27e6393d480a8a49bd94a6af78c1297dde4eecab","isMergeCommit":false,"messageTitle":"Correct lint warnings","messageBody":"","fileTypesAndContributionMap":{"tsx":{"insertions":10,"deletions":4},"ts":{"insertions":2,"deletions":2}}},{"hash":"9898760983b61d150d64beb120c83528ab95f865","isMergeCommit":false,"messageTitle":"Update React frontend - enable users to key in self-designed prompt - display AI summary","messageBody":"","fileTypesAndContributionMap":{"tsx":{"insertions":85,"deletions":30}}},{"hash":"a42b48d4e3abeb3f967d22dc590688e4a3da346e","isMergeCommit":false,"messageTitle":"Correct Linting errors","messageBody":"","fileTypesAndContributionMap":{"tsx":{"insertions":0,"deletions":1}}}]},{"date":"2024-06-18","commitResults":[{"hash":"24d88a38319edd8269ae897d03e0faf6a172511b","isMergeCommit":false,"messageTitle":"Modify minor errors in frontend","messageBody":"","fileTypesAndContributionMap":{"tsx":{"insertions":6,"deletions":42}}}]},{"date":"2024-06-21","commitResults":[{"hash":"afbba3b30bf7c3ccba55e4be6dbee6343f9ae663","isMergeCommit":false,"messageTitle":"Update Flask backend and React frontend - frontend:    -- create validator functions for password and username    -- create unit tests for validator    -- change formats of utility methods so that it is easy for unit test - backend:    -- import libraries to handle Markdown response from GenAI","messageBody":"","fileTypesAndContributionMap":{"txt":{"insertions":81,"deletions":0},"tsx":{"insertions":64,"deletions":40},"py":{"insertions":3,"deletions":2},"json":{"insertions":23,"deletions":191},"js":{"insertions":67,"deletions":0},"ts":{"insertions":12,"deletions":2}}},{"hash":"675351c2106fa054f3567b2cb2604d0ce3ec7175","isMergeCommit":false,"messageTitle":"Update React frontend - to pass CI checking","messageBody":"","fileTypesAndContributionMap":{"tsx":{"insertions":2,"deletions":4}}},{"hash":"3bd66a8f5a0b06f00a64a4a81237baf55602eee0","isMergeCommit":false,"messageTitle":"Update frontend - add calendar element - create simple toast element","messageBody":"","fileTypesAndContributionMap":{"tsx":{"insertions":101,"deletions":20},"json":{"insertions":80,"deletions":3},"ts":{"insertions":18,"deletions":1}}},{"hash":"e927436777d9df8733425923242202c1884f0d11","isMergeCommit":false,"messageTitle":"Update React frontend - enable users to download AI response","messageBody":"","fileTypesAndContributionMap":{"tsx":{"insertions":28,"deletions":5},"ts":{"insertions":41,"deletions":15}}},{"hash":"416e6d2ca9df7edbe2e6f28fcefc3f9795012597","isMergeCommit":false,"messageTitle":"Final Update on both frontend and backend","messageBody":"","fileTypesAndContributionMap":{"md":{"insertions":2,"deletions":0}}},{"hash":"b4092e03348654eca6ed1e3beb1024c3c462041e","isMergeCommit":false,"messageTitle":"Update formatvalidator","messageBody":"","fileTypesAndContributionMap":{"ts":{"insertions":1,"deletions":1}}},{"hash":"523011ced377efa358acfa830461e6c5124e984a","isMergeCommit":false,"messageTitle":"Update Frontend","messageBody":"","fileTypesAndContributionMap":{"js":{"insertions":2,"deletions":2}}},{"hash":"92b60b7f85a769049cd4fb7e5b97188e28e579a0","isMergeCommit":true,"messageTitle":"Merge branch \u0027feature-downloads-and-AI-prompt\u0027","messageBody":"","fileTypesAndContributionMap":{}}]},{"date":"2024-06-25","commitResults":[{"hash":"bb696b4dd3fbcba65b2eec327cee43469d702690","isMergeCommit":false,"messageTitle":"Debug for frontend data picker","messageBody":"","fileTypesAndContributionMap":{"tsx":{"insertions":6,"deletions":5},"ts":{"insertions":1,"deletions":1}}},{"hash":"f3b9b7263fa94190a4b59952bbc5c93f5a011b77","isMergeCommit":false,"messageTitle":"Update backend","messageBody":"","fileTypesAndContributionMap":{"py":{"insertions":1,"deletions":1}}},{"hash":"ba72cc7b72200802832a53864651ad6a33b0adc1","isMergeCommit":false,"messageTitle":"Update backend","messageBody":"","fileTypesAndContributionMap":{"py":{"insertions":1,"deletions":1}}},{"hash":"b209ae39647442044e06ba24febf1f0e7cd05609","isMergeCommit":true,"messageTitle":"Merge remote-tracking branch \u0027origin\u0027","messageBody":"","fileTypesAndContributionMap":{}}]},{"date":"2024-06-26","commitResults":[{"hash":"877e1fcebed27607b5efd95dccaee6e6b777c07b","isMergeCommit":true,"messageTitle":"Merge remote-tracking branch \u0027origin\u0027","messageBody":"","fileTypesAndContributionMap":{}}]},{"date":"2024-06-27","commitResults":[{"hash":"81364a5f5825a5e64880282060595076c90ba006","isMergeCommit":true,"messageTitle":"Merge remote-tracking branch \u0027origin\u0027","messageBody":"","fileTypesAndContributionMap":{}}]},{"date":"2024-06-30","commitResults":[{"hash":"6894932f7241be8aa023148108e182dfc99ebc1d","isMergeCommit":true,"messageTitle":"Merge remote-tracking branch \u0027origin\u0027","messageBody":"","fileTypesAndContributionMap":{}}]},{"date":"2024-07-01","commitResults":[{"hash":"2d72a9e5da054c95b644f5777d812b2449987951","isMergeCommit":true,"messageTitle":"Merge remote-tracking branch \u0027origin\u0027","messageBody":"","fileTypesAndContributionMap":{}}]}]},"authorFileTypeContributionMap":{"Golddirio":{"md":2,"pylintrc":1,"py":10,"tsx":438,"ts":2},"CHEN YIXUN":{"yml":214,"gitignore":10,"md":199,"pylintrc":654,"py":804,"txt":175,"html":407,"vercelignore":1,"js":26,"json":4296,"tsx":2728,"ts":1224,"Dockerfile":14},"CHENYIXUN":{"tsx":56,"ts":128,"html":1,"dockerignore":1,"json":4,"Dockerfile":1,"py":4},"guest1@CHENYIXUN":{"yml":34,"gitignore":56,"md":38,"Dockerfile":29,"py":209,"txt":25,"dockerignore":4,"vercelignore":1,"js":12,"json":18297,"html":43,"css":51,"tsx":930,"svg":1,"ts":32,"conf":13}},"authorContributionVariance":{"Golddirio":1782.4548,"CHEN YIXUN":3.0261168E8,"CHENYIXUN":212.49045,"guest1@CHENYIXUN":3.46422112E8},"authorDisplayNameMap":{"Golddirio":"Golddirio","CHEN YIXUN":"Chen Yixun","CHENYIXUN":"CHENYIXUN","guest1@CHENYIXUN":"guest1@CHENYIXUN"}}
