{"authorDailyContributionsMap":{"CYX22222003":[{"date":"2024-10-02","commitResults":[{"hash":"3bde0485defde0eedcf86cf31f0a212962823d4b","isMergeCommit":false,"messageTitle":"Add photo of myself","messageBody":"","fileTypesAndContributionMap":{}}]},{"date":"2024-10-03","commitResults":[{"hash":"fccc6fc940ee168673d5826493fbea207db60678","isMergeCommit":true,"messageTitle":"Merge pull request #9 from CYX22222003/branch-Add-Photo","messageBody":"Add photo Chen Yixun","fileTypesAndContributionMap":{}},{"hash":"a3460d908a46621ab90cf222858e99728abd022b","isMergeCommit":true,"messageTitle":"Merge pull request #19 from chrisjohntan/add-christopher-AboutUs","messageBody":"Add Christopher\u0027s AboutUs details","fileTypesAndContributionMap":{}},{"hash":"5ae85fef9df422e2fa5ade38215be24ae71c1b2a","isMergeCommit":true,"messageTitle":"Merge pull request #12 from chrisjohntan/branch-Add-Photo","messageBody":"Add Christopher\u0027s photo","fileTypesAndContributionMap":{}},{"hash":"fa62aa9ce5f0dd214ac930e9d3660ec21adb11eb","isMergeCommit":false,"messageTitle":"Update AboutUs.md for Yixun","messageBody":"","fileTypesAndContributionMap":{"md":{"insertions":3,"deletions":3}}},{"hash":"cfd3117eea24508e18bd780cbf63777638b5f074","isMergeCommit":true,"messageTitle":"Merge from remote repo","messageBody":"","fileTypesAndContributionMap":{}},{"hash":"e37e0b9fae38ebfc8c6d18e1823f0186b640b344","isMergeCommit":true,"messageTitle":"Merge branch \u0027master\u0027 of https://github.com/CYX22222003/tp into update-AboutUs","messageBody":"","fileTypesAndContributionMap":{}},{"hash":"ae7ab88e5871aaa83986ac95871a98a32b6745f6","isMergeCommit":false,"messageTitle":"Update AboutUs for Yixun","messageBody":"","fileTypesAndContributionMap":{"md":{"insertions":4,"deletions":4}}},{"hash":"0d7ffa76188aa5fd2e47de6b22ef248a1868a8cd","isMergeCommit":true,"messageTitle":"Merge pull request #25 from blackpanther9229/branch-AboutUs","messageBody":"Add About Us photo and details of Nguyen","fileTypesAndContributionMap":{}}]},{"date":"2024-10-04","commitResults":[{"hash":"c52198c4f524d79ebfcc29945b4653d6897ccbbb","isMergeCommit":false,"messageTitle":"Update non-functional requirements","messageBody":"","fileTypesAndContributionMap":{"md":{"insertions":4,"deletions":2}}},{"hash":"dfe972f3840f140718d0534e8062e527eda83f19","isMergeCommit":true,"messageTitle":"Merge pull request #35 from KrashKart/branch-AboutUs","messageBody":"Update AboutUs","fileTypesAndContributionMap":{}},{"hash":"ce75923e555938d1f9ad39ec5bd29253a18c4576","isMergeCommit":true,"messageTitle":"Merge branch \u0027master\u0027 of https://github.com/CYX22222003/tp into update-NFR","messageBody":"","fileTypesAndContributionMap":{}},{"hash":"4d646568caa3a67e94f98e91cfbec6e2143ba32e","isMergeCommit":false,"messageTitle":"Update product scope","messageBody":"","fileTypesAndContributionMap":{"md":{"insertions":12,"deletions":9}}},{"hash":"7a35bb23cfccf5ccf9bf67daeb00ae144678c18b","isMergeCommit":true,"messageTitle":"Merge pull request #36 from CYX22222003/update-NFR","messageBody":"Update non-functional requirements","fileTypesAndContributionMap":{}}]},{"date":"2024-10-10","commitResults":[{"hash":"988ea35d0da6407e774da2537e71891eab4339bb","isMergeCommit":false,"messageTitle":"Implement email checking function","messageBody":"","fileTypesAndContributionMap":{"java":{"insertions":13,"deletions":0}}},{"hash":"726f11d28d902556e35785181db480acd671fab1","isMergeCommit":false,"messageTitle":"Add functions to check for repeated information","messageBody":"","fileTypesAndContributionMap":{"java":{"insertions":11,"deletions":3}}},{"hash":"07c292b1de326aef59aa053326cf9fa91734fcf5","isMergeCommit":false,"messageTitle":"Modify duplicate check to pass unit test","messageBody":"","fileTypesAndContributionMap":{"java":{"insertions":1,"deletions":1}}},{"hash":"95eefc79bb421a5da104bc0058625cc1c1acdc23","isMergeCommit":false,"messageTitle":"Update test cases for email checking","messageBody":"","fileTypesAndContributionMap":{"java":{"insertions":8,"deletions":5}}},{"hash":"7e0c9a0ea1859f9ad1f8ac673bae6953e31bff26","isMergeCommit":false,"messageTitle":"Modify email checking functions","messageBody":"","fileTypesAndContributionMap":{"java":{"insertions":1,"deletions":6}}},{"hash":"3dac9183dde6e1a540f5cb81e427e88f95242b97","isMergeCommit":false,"messageTitle":"Correct formatting errors","messageBody":"","fileTypesAndContributionMap":{"java":{"insertions":2,"deletions":2}}},{"hash":"5ed3acce7379d635fe3e33e41d580c0b8177c989","isMergeCommit":false,"messageTitle":"Update unit test for email checking","messageBody":"","fileTypesAndContributionMap":{"java":{"insertions":13,"deletions":0}}},{"hash":"7e8899cc57bfe31412891b1c9321174320cca15e","isMergeCommit":false,"messageTitle":"Update unit test to increase code coverage","messageBody":"","fileTypesAndContributionMap":{"java":{"insertions":13,"deletions":0}}},{"hash":"a48b49b9c5e6b622ffd08e19efed730b7c4ab993","isMergeCommit":true,"messageTitle":"Merge pull request #56 from KrashKart/branch-Find-Contact","messageBody":"Implement filtering of contacts by number","fileTypesAndContributionMap":{}},{"hash":"04e2b8c93b4db6af0e1ff424cbb1e4013311350e","isMergeCommit":true,"messageTitle":"Merge pull request #57 from yooplo/branch-finding-by-email-command","messageBody":"Implement FindByEmailCommand Class","fileTypesAndContributionMap":{}},{"hash":"ad8652e2400448b994d1dd230c0f0f9e2a1cf650","isMergeCommit":true,"messageTitle":"Merge pull request #59 from blackpanther9229/branch-Edit-contact-details","messageBody":"Add new method to support changing details of a Person","fileTypesAndContributionMap":{}}]},{"date":"2024-10-15","commitResults":[{"hash":"75fbf11a813ca4f44a5811b6988403e9980b4e72","isMergeCommit":false,"messageTitle":"Update unit test for duplicate information detection","messageBody":"","fileTypesAndContributionMap":{"java":{"insertions":20,"deletions":0}}},{"hash":"d83f3d185977422af480659a0285d76ac9e72fd4","isMergeCommit":false,"messageTitle":"Update more unittest cases for duplicate information detection","messageBody":"","fileTypesAndContributionMap":{"java":{"insertions":16,"deletions":0}}},{"hash":"9c0e5455b8fc629032d3f73097471b7cdfa511fa","isMergeCommit":false,"messageTitle":"Attempt to update new edit command","messageBody":"","fileTypesAndContributionMap":{"java":{"insertions":31,"deletions":6}}},{"hash":"dc54137f95b50be9dd71eb5f5575a32ac69e8243","isMergeCommit":true,"messageTitle":"Merge with master branch","messageBody":"","fileTypesAndContributionMap":{}}]},{"date":"2024-10-16","commitResults":[{"hash":"107b63be3ccd0ed52380a0993692278ce4bcabc5","isMergeCommit":true,"messageTitle":"Merge pull request #78 from yooplo/branch-update-GUI","messageBody":"Update the color theme","fileTypesAndContributionMap":{}},{"hash":"b68ae739b80b4f552ef567927babb35366fd1a92","isMergeCommit":false,"messageTitle":"Implement features to insert persons","messageBody":"","fileTypesAndContributionMap":{"java":{"insertions":42,"deletions":5}}}]},{"date":"2024-10-17","commitResults":[{"hash":"f41204e422e497b15edc76787f913fb3925d8a5a","isMergeCommit":true,"messageTitle":"Merge pull request #90 from chrisjohntan/update-userguide","messageBody":"Update user guide","fileTypesAndContributionMap":{}}]},{"date":"2024-10-20","commitResults":[{"hash":"e3af4066065523758ad5c6add4fad62fe4a42905","isMergeCommit":false,"messageTitle":"Implement command to delete tag","messageBody":"","fileTypesAndContributionMap":{"java":{"insertions":85,"deletions":4}}},{"hash":"ab8ccc0c749c5c6516e034dc7b3b5d68834eb314","isMergeCommit":false,"messageTitle":"Modify the original flow of tag deleting","messageBody":"","fileTypesAndContributionMap":{"java":{"insertions":81,"deletions":4}}},{"hash":"2511fdf9524a50c15b1bee54c01a8a7a4befe9b7","isMergeCommit":false,"messageTitle":"Correct styling issues","messageBody":"","fileTypesAndContributionMap":{"java":{"insertions":14,"deletions":5}}}]},{"date":"2024-10-21","commitResults":[{"hash":"9bd0a0aae322c47348eb833904cca700687ccf49","isMergeCommit":true,"messageTitle":"Merge branch \u0027master\u0027 into delete-tag","messageBody":"","fileTypesAndContributionMap":{}},{"hash":"fc2cd66a2df9fee70ca40a216a8fef409bb7a923","isMergeCommit":false,"messageTitle":"Update unittest stubs","messageBody":"","fileTypesAndContributionMap":{"java":{"insertions":5,"deletions":0}}},{"hash":"adcfeac604323686fd2ce4b39fb987ecb6296f4c","isMergeCommit":false,"messageTitle":"Update test cases of model manager and person list","messageBody":"","fileTypesAndContributionMap":{"java":{"insertions":35,"deletions":0}}},{"hash":"2371b034ab201adfe6f45caa63348dd056b791ae","isMergeCommit":false,"messageTitle":"Correct formatting errors","messageBody":"","fileTypesAndContributionMap":{"java":{"insertions":0,"deletions":1}}},{"hash":"ae4df2c9298d97c934d2214213d433cd1e86b1e2","isMergeCommit":false,"messageTitle":"Add basic test cases for Delete Tag command","messageBody":"","fileTypesAndContributionMap":{"java":{"insertions":46,"deletions":1}}},{"hash":"b4028e8a5d9a66731f9c5131fa0f0273241079b2","isMergeCommit":false,"messageTitle":"Add more test cases for delete tag command","messageBody":"","fileTypesAndContributionMap":{"java":{"insertions":17,"deletions":1}}},{"hash":"59d535f8542dc506d67e70c4ce7a0a8a173fa8d9","isMergeCommit":false,"messageTitle":"Update test cases for delete tag command","messageBody":"","fileTypesAndContributionMap":{"java":{"insertions":12,"deletions":2}}},{"hash":"b5a770a5ae49bb7016f869db1e4aa18882e769ef","isMergeCommit":false,"messageTitle":"Update test cases for delete tag command","messageBody":"","fileTypesAndContributionMap":{"java":{"insertions":7,"deletions":0}}}]},{"date":"2024-10-22","commitResults":[{"hash":"0c374400c01f2635e0b7ac589de1daed4cf3a935","isMergeCommit":false,"messageTitle":"Add test cases for delete tag parser","messageBody":"","fileTypesAndContributionMap":{"java":{"insertions":30,"deletions":1}}},{"hash":"8a1dc0b6b468f5c93b4cefd506fca93e0e9913e0","isMergeCommit":true,"messageTitle":"Merge pull request #114 from KrashKart/branch-add-assertions","messageBody":"Add Assertions to build.gradle","fileTypesAndContributionMap":{}},{"hash":"894a5af62447c1e6388d4cd8a49a61d21fca7213","isMergeCommit":true,"messageTitle":"Merge pull request #115 from yooplo/branch-instant-update-taglist","messageBody":"Fix bug where the tag list does not update instantly","fileTypesAndContributionMap":{}},{"hash":"79bd80ef561aac92d88564822496ae2147f1b5b4","isMergeCommit":false,"messageTitle":"Add assertions for defensive programming","messageBody":"","fileTypesAndContributionMap":{"java":{"insertions":4,"deletions":0}}},{"hash":"f2b81114e793e468cdd628c8ccd78def816d6fe5","isMergeCommit":false,"messageTitle":"Update UML for deleteTag","messageBody":"","fileTypesAndContributionMap":{"puml":{"insertions":51,"deletions":0}}},{"hash":"0a7685e92e3d4e184ed8273ac8d5222497215b35","isMergeCommit":false,"messageTitle":"Complete UML for delete tag flow","messageBody":"","fileTypesAndContributionMap":{"puml":{"insertions":31,"deletions":0}}},{"hash":"94af784d6e78a68fd392151928b3f0a26b4da4cc","isMergeCommit":false,"messageTitle":"Correct formatting errors","messageBody":"","fileTypesAndContributionMap":{"puml":{"insertions":1,"deletions":1}}},{"hash":"7e4b119cee070ee44f3f0931cbfaf193eb147386","isMergeCommit":true,"messageTitle":"Merge pull request #118 from chrisjohntan/update-help-window","messageBody":"Update user guide url in help window","fileTypesAndContributionMap":{}},{"hash":"db48dcf5cf292006276492eb4a224f0504a4b309","isMergeCommit":false,"messageTitle":"Add stack to store history data","messageBody":"","fileTypesAndContributionMap":{"java":{"insertions":98,"deletions":4}}},{"hash":"d86af81e0b000aab0c4118fb753220a1975dd6f6","isMergeCommit":false,"messageTitle":"Update the case of undoing oldest version","messageBody":"","fileTypesAndContributionMap":{"java":{"insertions":4,"deletions":2}}},{"hash":"753fc7629103077c4804a99c3efb2f60c0c396c6","isMergeCommit":false,"messageTitle":"Correct style errors","messageBody":"","fileTypesAndContributionMap":{"java":{"insertions":13,"deletions":3}}},{"hash":"a03e15a335b8b408b0c2b77965d912fd947e8143","isMergeCommit":false,"messageTitle":"Group error message in Message class","messageBody":"","fileTypesAndContributionMap":{"java":{"insertions":2,"deletions":2}}},{"hash":"294f11a2cc7fe576b21dc7f9198bc64cfe298245","isMergeCommit":false,"messageTitle":"Update testcases for undo command","messageBody":"","fileTypesAndContributionMap":{"java":{"insertions":55,"deletions":0}}}]},{"date":"2024-10-23","commitResults":[{"hash":"3ed5edd84e4aed21ac10d53744ea66eaf2cf177f","isMergeCommit":false,"messageTitle":"Update testcases for new edit logic","messageBody":"","fileTypesAndContributionMap":{"java":{"insertions":12,"deletions":0}}},{"hash":"653659426bfba6f9333ce69376a655c2a2678fb9","isMergeCommit":false,"messageTitle":"Fix bugs while deleting tag","messageBody":"","fileTypesAndContributionMap":{"java":{"insertions":1,"deletions":0}}},{"hash":"4df64fee8ab7303dbe29a28c6d9c897d2e3eaa61","isMergeCommit":false,"messageTitle":"Disable data saving for list and find","messageBody":"","fileTypesAndContributionMap":{"java":{"insertions":7,"deletions":1}}},{"hash":"645ee572bc3ab09aa448cd76a5c1e2f8a9958276","isMergeCommit":false,"messageTitle":"Remove traces of AB3","messageBody":"","fileTypesAndContributionMap":{"md":{"insertions":8,"deletions":8}}},{"hash":"fcd79dea416e27751beeea949fe56b90d95a01a2","isMergeCommit":false,"messageTitle":"Remove unnecessary spaces","messageBody":"","fileTypesAndContributionMap":{"md":{"insertions":2,"deletions":2}}},{"hash":"1c0a980d98c92c6125ccce1f7d0356606f5b3ca5","isMergeCommit":false,"messageTitle":"Remove unnecessary code","messageBody":"","fileTypesAndContributionMap":{"java":{"insertions":2,"deletions":2}}},{"hash":"4febcde5079ffa63decd1681d6d3759a25a2bb1c","isMergeCommit":true,"messageTitle":"Merge pull request #137","messageBody":"Disable data saving for list and find","fileTypesAndContributionMap":{}}]},{"date":"2024-10-24","commitResults":[{"hash":"5b6208b5a21a327abe266abcca10e858827409dc","isMergeCommit":true,"messageTitle":"Merge pull request #150","messageBody":"Add redo command to UG, fix grammatical errors","fileTypesAndContributionMap":{}},{"hash":"5c2405b25f12054d37f820fef438988f8885a155","isMergeCommit":true,"messageTitle":"Merge pull request #151","messageBody":"Improve UI look","fileTypesAndContributionMap":{}},{"hash":"41ead77f0ee5bdad44bd04de7d9ac08a2c090cf1","isMergeCommit":true,"messageTitle":"Merge pull request #155","messageBody":"Update AddTag command sequence diagram","fileTypesAndContributionMap":{}}]},{"date":"2024-10-25","commitResults":[{"hash":"230b444ab3909e834d5c4dae2d975e5a5bdac440","isMergeCommit":false,"messageTitle":"Implement versioned CampusConnect","messageBody":"","fileTypesAndContributionMap":{"java":{"insertions":109,"deletions":27}}},{"hash":"91d340eb09bab8a3e065f0307f22cce5e9869435","isMergeCommit":false,"messageTitle":"Correct formatting issues","messageBody":"","fileTypesAndContributionMap":{"java":{"insertions":3,"deletions":2}}},{"hash":"6d4b81703e2a908c79aae3d7c6bf475ff2ad7d46","isMergeCommit":false,"messageTitle":"Correct formatting errors","messageBody":"","fileTypesAndContributionMap":{"java":{"insertions":40,"deletions":16}}},{"hash":"4d581f13accc4f9fac8ec15cb4e0e8ce7e0675b6","isMergeCommit":false,"messageTitle":"Add basic test for versioned campus connect","messageBody":"","fileTypesAndContributionMap":{"java":{"insertions":45,"deletions":0}}},{"hash":"64b093f76530cbffd4a6306faddc1b8e7ffed263","isMergeCommit":false,"messageTitle":"Update test case","messageBody":"","fileTypesAndContributionMap":{"java":{"insertions":4,"deletions":3}}}]},{"date":"2024-10-27","commitResults":[{"hash":"cded06315f50494da274d770d146127797316f12","isMergeCommit":false,"messageTitle":"Refactor add tag command","messageBody":"","fileTypesAndContributionMap":{"java":{"insertions":62,"deletions":132}}},{"hash":"375df678fdaeebb7e06a992549f3435490a1174d","isMergeCommit":false,"messageTitle":"Implement checks for duplicated tags","messageBody":"","fileTypesAndContributionMap":{"java":{"insertions":24,"deletions":3}}},{"hash":"3e789f8f5d43404c181a67037261166e68f1c5bd","isMergeCommit":false,"messageTitle":"Remove unnecessary assertions","messageBody":"","fileTypesAndContributionMap":{"java":{"insertions":0,"deletions":1}}},{"hash":"9dcb71ac39f221aaefdcf75ad9312c0a86124f05","isMergeCommit":false,"messageTitle":"Correct formatting errors","messageBody":"","fileTypesAndContributionMap":{"java":{"insertions":2,"deletions":10}}},{"hash":"99379c79b7c8505b2e1cc4f1ae073c5aea32a55a","isMergeCommit":false,"messageTitle":"Update unit test","messageBody":"","fileTypesAndContributionMap":{"java":{"insertions":5,"deletions":0}}}]},{"date":"2024-10-29","commitResults":[{"hash":"7eda4ef282168d4a3a86d3fbe6f731abd4ecb5ba","isMergeCommit":true,"messageTitle":"Merge pull request #165","messageBody":"Add test cases for AddTagCommand and its parser","fileTypesAndContributionMap":{}}]},{"date":"2024-10-31","commitResults":[{"hash":"b892e8bf24b9d077284a68a619f289547cdce2c1","isMergeCommit":true,"messageTitle":"Merge pull request #171","messageBody":"Refactor add tag and delete tag command word","fileTypesAndContributionMap":{}}]},{"date":"2024-11-01","commitResults":[{"hash":"821993c0320bd2255c6ad34053287cbdbbc7e065","isMergeCommit":false,"messageTitle":"Update uml diagram for undo redo","messageBody":"","fileTypesAndContributionMap":{"puml":{"insertions":58,"deletions":50}}},{"hash":"1c6ec2bacbf0d1d9ee53c37ddaebcb9f7ee2d5ba","isMergeCommit":false,"messageTitle":"Add uml for redo action","messageBody":"","fileTypesAndContributionMap":{"puml":{"insertions":37,"deletions":10}}},{"hash":"6e359b644532de743b444c9baeda948351c2dc42","isMergeCommit":false,"messageTitle":"Update DG","messageBody":"","fileTypesAndContributionMap":{"java":{"insertions":1,"deletions":1},"md":{"insertions":10,"deletions":14}}},{"hash":"5c0e7cac247c2a28627c083da5258ff8d81c7f5b","isMergeCommit":false,"messageTitle":"Update DG for new undo and redo","messageBody":"","fileTypesAndContributionMap":{"md":{"insertions":15,"deletions":14}}}]},{"date":"2024-11-02","commitResults":[{"hash":"7eb4a6059e9394b2a61fdd2f4ecae864846a77ee","isMergeCommit":false,"messageTitle":"Correct formatting errors","messageBody":"","fileTypesAndContributionMap":{"puml":{"insertions":1,"deletions":1}}},{"hash":"73603105887b86f6ea2c90409fdf8c7bfad35578","isMergeCommit":false,"messageTitle":"Update user guide","messageBody":"","fileTypesAndContributionMap":{"md":{"insertions":5,"deletions":3}}},{"hash":"3a50eea40865061ff708864cc799f335f88f3aa9","isMergeCommit":true,"messageTitle":"Merge master branch","messageBody":"","fileTypesAndContributionMap":{}},{"hash":"94b6c2297a5ac12d447e18cdf31b36ae59d4d7dc","isMergeCommit":true,"messageTitle":"Merge pull request #193","messageBody":"Fix unit test cases","fileTypesAndContributionMap":{}},{"hash":"5fa2f3d4ddfbebc65235ec2704fc4acbd8f52914","isMergeCommit":true,"messageTitle":"Merge master branch to update testcases","messageBody":"","fileTypesAndContributionMap":{}},{"hash":"1b736bcc849a665320b8be55911cc350d2bd2181","isMergeCommit":true,"messageTitle":"Merge pull request #195","messageBody":"Delete Tag has no error message","fileTypesAndContributionMap":{}},{"hash":"401d5a31bec31e92c4cdf66e1674f274655bbf50","isMergeCommit":false,"messageTitle":"Update add tag parser","messageBody":"","fileTypesAndContributionMap":{"java":{"insertions":8,"deletions":3}}},{"hash":"9155ef70d77a5d5aa8fa640ac7e54ed93d5924ed","isMergeCommit":false,"messageTitle":"Modify style errors","messageBody":"","fileTypesAndContributionMap":{"java":{"insertions":0,"deletions":1}}},{"hash":"fdd060ae9c8611437434c7a21f34c6e5f39fee8c","isMergeCommit":false,"messageTitle":"Update test cases for new change in error message","messageBody":"","fileTypesAndContributionMap":{"java":{"insertions":4,"deletions":3}}},{"hash":"787a2d2b8e4d7c6d9cf75108af564c2bb5909086","isMergeCommit":false,"messageTitle":"Correct style errors","messageBody":"","fileTypesAndContributionMap":{"java":{"insertions":0,"deletions":1}}},{"hash":"2a1df40548ee8125b98d3719a94d1bab716c521c","isMergeCommit":false,"messageTitle":"Correct spelling and grammatical errors","messageBody":"","fileTypesAndContributionMap":{"md":{"insertions":5,"deletions":5}}},{"hash":"e132dde8c0af0e4d895dcf4723ffab0bb6ceb211","isMergeCommit":false,"messageTitle":"Correct spelling errors","messageBody":"","fileTypesAndContributionMap":{"md":{"insertions":1,"deletions":1}}}]},{"date":"2024-11-03","commitResults":[{"hash":"d5d653b61a46c36af12535f0010977a54983be53","isMergeCommit":true,"messageTitle":"Merge pull request #200","messageBody":"Standardize error messages across commands","fileTypesAndContributionMap":{}}]},{"date":"2024-11-04","commitResults":[{"hash":"08412320159d265dda2920ffdb9781c7f8df37ef","isMergeCommit":false,"messageTitle":"Correct spelling and expression errors","messageBody":"","fileTypesAndContributionMap":{"md":{"insertions":1,"deletions":1}}},{"hash":"9472d8900367971369475584015464c7c96597b1","isMergeCommit":false,"messageTitle":"Correct spelling and expression errors","messageBody":"","fileTypesAndContributionMap":{"md":{"insertions":1,"deletions":1}}},{"hash":"8f1b64636377dde4a302b5c621e53414ccfa6263","isMergeCommit":true,"messageTitle":"Merge pull request #220","messageBody":"Update UG image to show most recent UI.","fileTypesAndContributionMap":{}}]},{"date":"2024-11-05","commitResults":[{"hash":"7dbb848bfded744852669bbe63b0f5c2daf71f6b","isMergeCommit":true,"messageTitle":"Merge pull request #236","messageBody":"Branch hyperlink","fileTypesAndContributionMap":{}},{"hash":"2a319e4010d92d8aeb072ae6ac9a44bf65cade7b","isMergeCommit":false,"messageTitle":"Update UML for undo command","messageBody":"","fileTypesAndContributionMap":{"puml":{"insertions":21,"deletions":3}}}]},{"date":"2024-11-06","commitResults":[{"hash":"724d296d6e02e6519fd3c36da042cde24b440b22","isMergeCommit":false,"messageTitle":"Correct bugs in UndoCommand","messageBody":"","fileTypesAndContributionMap":{"puml":{"insertions":10,"deletions":4},"java":{"insertions":19,"deletions":4}}},{"hash":"c3e9feac57922397795e5c603c9ae6daa4c9450e","isMergeCommit":false,"messageTitle":"Update model stub","messageBody":"","fileTypesAndContributionMap":{"java":{"insertions":5,"deletions":0}}},{"hash":"cda21111708738ccc75d481520ab47f867a3caac","isMergeCommit":false,"messageTitle":"Modify DG","messageBody":"","fileTypesAndContributionMap":{"md":{"insertions":10,"deletions":10}}},{"hash":"474e87749c007e4b1c5f2e0ee824babe938678d4","isMergeCommit":false,"messageTitle":"Update user stories and use cases","messageBody":"","fileTypesAndContributionMap":{"md":{"insertions":13,"deletions":66}}},{"hash":"9d0794a53bafefbff8fd68db27618108f80dc175","isMergeCommit":false,"messageTitle":"Update activity diagram","messageBody":"","fileTypesAndContributionMap":{"puml":{"insertions":9,"deletions":8}}},{"hash":"de15d1b3f0a1f91bd6ab88b01ff85414e4766c5d","isMergeCommit":false,"messageTitle":"Add more use cases","messageBody":"","fileTypesAndContributionMap":{"md":{"insertions":76,"deletions":7}}},{"hash":"f94df97ad437cf2b18035bfded32acee7eb15b9b","isMergeCommit":true,"messageTitle":"Merge pull request #238","messageBody":"Correct bugs in undo command and update its UML in DG","fileTypesAndContributionMap":{}}]},{"date":"2024-11-07","commitResults":[{"hash":"cbb3ec3afdfdb54a07bfa99268227430958cf6b0","isMergeCommit":true,"messageTitle":"Merge pull request #257","messageBody":"Fix cattag duplicate tag within command","fileTypesAndContributionMap":{}},{"hash":"6f5d3a489a7f0ecefa43db1d8f18e3f52b22b3d0","isMergeCommit":false,"messageTitle":"Remove traces of address book","messageBody":"","fileTypesAndContributionMap":{"java":{"insertions":14,"deletions":14},"md":{"insertions":4,"deletions":0}}},{"hash":"fd0df2d754c62863629b79ffee4937cab848ee84","isMergeCommit":false,"messageTitle":"Update user guide","messageBody":"","fileTypesAndContributionMap":{"md":{"insertions":2,"deletions":2}}},{"hash":"f7a5d3727b477a92063ce6bd403ffd36be0a763b","isMergeCommit":false,"messageTitle":"Correct formatting errors","messageBody":"","fileTypesAndContributionMap":{"java":{"insertions":2,"deletions":1}}},{"hash":"400c4ca73456e58a644b786ad2bcfe012db557c4","isMergeCommit":false,"messageTitle":"Specify conditions for redo and undo","messageBody":"","fileTypesAndContributionMap":{"md":{"insertions":3,"deletions":1}}},{"hash":"255fab10d4883d87446d97fdac917474a1cc7c54","isMergeCommit":true,"messageTitle":"Merge pull request #260","messageBody":"Remove traces of address book","fileTypesAndContributionMap":{}},{"hash":"c971a418201861301d216daad0fc471f1107d240","isMergeCommit":true,"messageTitle":"Merge pull request #267","messageBody":"Fix UG issues","fileTypesAndContributionMap":{}},{"hash":"0d711c91b81b995e586319685bfe8d69e538db3f","isMergeCommit":false,"messageTitle":"Add instructions for manual testing","messageBody":"","fileTypesAndContributionMap":{"md":{"insertions":7,"deletions":6}}},{"hash":"00f05d40bca530271e3a9ff93b962dc15ad14f72","isMergeCommit":true,"messageTitle":"Merge branch \u0027master\u0027 into testing-instruct","messageBody":"","fileTypesAndContributionMap":{}},{"hash":"71f26dfb18e4ce992e619a1ce2d6d0615a4a1b13","isMergeCommit":true,"messageTitle":"Merge pull request #274","messageBody":"Change the icon back","fileTypesAndContributionMap":{}},{"hash":"324be12fa3115842f504d1d5eddbb78550536fde","isMergeCommit":false,"messageTitle":"Remove unnecessary terms generated by AI","messageBody":"","fileTypesAndContributionMap":{"md":{"insertions":1,"deletions":1}}},{"hash":"cf55decf8f3cc9784454e1e22cf5dc8856c80dc3","isMergeCommit":true,"messageTitle":"Merge branch \u0027master\u0027 into testing-instruct","messageBody":"","fileTypesAndContributionMap":{}},{"hash":"6466826220e9cd80b6cb94108d01e6272cd09d75","isMergeCommit":false,"messageTitle":"Remove unnecessary terms again","messageBody":"","fileTypesAndContributionMap":{"md":{"insertions":2,"deletions":2}}},{"hash":"82363465e6c10229eb6ad5bf6bad07b03e55ef61","isMergeCommit":true,"messageTitle":"Merge from remote branch","messageBody":"","fileTypesAndContributionMap":{}}]},{"date":"2024-11-08","commitResults":[{"hash":"320961ab5242d46871ffcba6e57705c1fc2004f2","isMergeCommit":true,"messageTitle":"Merge pull request #275","messageBody":"Add instructions for manual testing for instruction testing","fileTypesAndContributionMap":{}}]},{"date":"2024-11-09","commitResults":[{"hash":"761b992d42d1821220adb05f2f96eebbe9f00e58","isMergeCommit":true,"messageTitle":"Merge branch \u0027master\u0027 into branch-alpha-bug","messageBody":"","fileTypesAndContributionMap":{}},{"hash":"4db74c79f8076c23b096b2c6ca3458bb6fd69f35","isMergeCommit":false,"messageTitle":"Justify the rules for duplicate","messageBody":"","fileTypesAndContributionMap":{"md":{"insertions":11,"deletions":3}}},{"hash":"92e3016bd25f3776b1f869c1a3a02760b85185dc","isMergeCommit":false,"messageTitle":"Update Q\u0026A","messageBody":"","fileTypesAndContributionMap":{"md":{"insertions":2,"deletions":1}}}]},{"date":"2024-11-10","commitResults":[{"hash":"b1de13a67353e3f09ce3e47a0ffc8eb2e642c31d","isMergeCommit":false,"messageTitle":"Update enhancements","messageBody":"","fileTypesAndContributionMap":{"md":{"insertions":14,"deletions":13}}},{"hash":"105cd795c3c0e2926befcf31f44a71a9fad5566e","isMergeCommit":false,"messageTitle":"Update requirements for case-sensitivity","messageBody":"","fileTypesAndContributionMap":{"md":{"insertions":2,"deletions":0}}},{"hash":"4b28464f581569f07c3cfdf9a0862128d98d37d9","isMergeCommit":false,"messageTitle":"Update requirements for format","messageBody":"","fileTypesAndContributionMap":{"md":{"insertions":12,"deletions":0}}},{"hash":"61557ed9c98d5256397ae99188586c3e3f8e2c68","isMergeCommit":false,"messageTitle":"Shorten list of future enhancements","messageBody":"","fileTypesAndContributionMap":{"md":{"insertions":12,"deletions":14}}},{"hash":"deb06d2a812a13688c0704bfdbb0803196a1e327","isMergeCommit":false,"messageTitle":"Update planned enhancements","messageBody":"","fileTypesAndContributionMap":{"md":{"insertions":24,"deletions":13}}},{"hash":"8d77c6d556d45a6bcfdc8b94a0dd287e20f3ba1b","isMergeCommit":false,"messageTitle":"Specify behavior of tag list","messageBody":"","fileTypesAndContributionMap":{"md":{"insertions":1,"deletions":1}}},{"hash":"1fc793ba1b3ecd259323dbbf1cfe1f46770ecce8","isMergeCommit":false,"messageTitle":"Correct grammatical errors","messageBody":"","fileTypesAndContributionMap":{"md":{"insertions":3,"deletions":3}}},{"hash":"65591146ff3741a0bb522cf1a2c080ffff0aa8a3","isMergeCommit":false,"messageTitle":"Update DeveloperGuide.md","messageBody":"remove traces of status bar","fileTypesAndContributionMap":{"md":{"insertions":1,"deletions":1}}},{"hash":"ef35cadf81a1ab745f730c9ccc00bf5219119227","isMergeCommit":true,"messageTitle":"Merge pull request #277","messageBody":"Update manual testing guide for addtag command","fileTypesAndContributionMap":{}},{"hash":"7b8bb7bd884f063fc06c9a0a6f4e66f87a9a7813","isMergeCommit":true,"messageTitle":"Merge pull request #358","messageBody":"Add unsolved feature flaws to planned enhancements","fileTypesAndContributionMap":{}},{"hash":"a75dd286511a80ef267ac02407192c7ad056e87f","isMergeCommit":true,"messageTitle":"Merge branch \u0027master\u0027 into same-name-justify","messageBody":"","fileTypesAndContributionMap":{}},{"hash":"f2b87e78061cf7ccac8f28567b4865ebe973ac6b","isMergeCommit":true,"messageTitle":"Merge pull request #357","messageBody":"Justify the rules for duplicate","fileTypesAndContributionMap":{}},{"hash":"c6c59ae2fee74098fb4498dc06bb86caad074563","isMergeCommit":false,"messageTitle":"Add test case for redo command","messageBody":"","fileTypesAndContributionMap":{"java":{"insertions":29,"deletions":0}}},{"hash":"b45133be356f7b12ac33a82e341b01a979bdfde2","isMergeCommit":false,"messageTitle":"Correct formatting errors","messageBody":"","fileTypesAndContributionMap":{"java":{"insertions":0,"deletions":1}}},{"hash":"ffc9c268bec266e5a00486ac17d62b99c8ba5170","isMergeCommit":true,"messageTitle":"Merge pull request #362","messageBody":"Add test case for redo command","fileTypesAndContributionMap":{}}]},{"date":"2024-11-11","commitResults":[{"hash":"b1e62a19b81f980708bebe2193cf866139b4ce0a","isMergeCommit":true,"messageTitle":"Merge pull request #375","messageBody":"Make use of div to center the diagrams","fileTypesAndContributionMap":{}},{"hash":"18b8eb196078791778e4fc59a0ccde7690aa3fc3","isMergeCommit":true,"messageTitle":"Merge pull request #376","messageBody":"Branch centering diagrams","fileTypesAndContributionMap":{}},{"hash":"4f4569f4afcdc3fe245dfd5e5f08113672af1fd9","isMergeCommit":false,"messageTitle":"Correct minor formatting issues","messageBody":"","fileTypesAndContributionMap":{"md":{"insertions":7,"deletions":6}}},{"hash":"185de52ccb11d59dbe65143304b987f4c68fac97","isMergeCommit":true,"messageTitle":"Merge branch \u0027master\u0027 into minor-update-UG","messageBody":"","fileTypesAndContributionMap":{}},{"hash":"4a663b07882db3a89dced5fbd2b383753817b947","isMergeCommit":false,"messageTitle":"Correct errors in description","messageBody":"","fileTypesAndContributionMap":{"md":{"insertions":1,"deletions":1}}},{"hash":"50bc1cad63037c1d1db887be262b6355284f5a20","isMergeCommit":false,"messageTitle":"Standardize the description","messageBody":"","fileTypesAndContributionMap":{"md":{"insertions":1,"deletions":5}}},{"hash":"248cebbca26ea37873f99694e9c692358beb7913","isMergeCommit":false,"messageTitle":"Improve quality of code","messageBody":"","fileTypesAndContributionMap":{"java":{"insertions":12,"deletions":17}}},{"hash":"bd6fe6c2e59c702a0bf9029f112c352a779c5124","isMergeCommit":false,"messageTitle":"Update code comment","messageBody":"","fileTypesAndContributionMap":{"java":{"insertions":2,"deletions":2}}},{"hash":"f6ef003995882278927596f95680cb60a193818d","isMergeCommit":true,"messageTitle":"Merge pull request #381","messageBody":"Improve formatting and language","fileTypesAndContributionMap":{}},{"hash":"c9c913530169efca954c6fadb35ed96f6a355a38","isMergeCommit":true,"messageTitle":"Merge pull request #380","messageBody":"Minor code refactor","fileTypesAndContributionMap":{}},{"hash":"155bc076d9c27da580f592a6cbfd6f5404492d8e","isMergeCommit":false,"messageTitle":"Update cattag response image","messageBody":"","fileTypesAndContributionMap":{}}]}]},"authorFileTypeContributionMap":{"CYX22222003":{"md":148,"puml":195,"java":944}},"authorContributionVariance":{"CYX22222003":1258.0248},"authorDisplayNameMap":{"CYX22222003":"CYX22222003"}}
